barcode,cluster
AAACCCAAGCTGGCCT-1,beta
AAACCCATCCGAAATC-1,endothelial-mesenchymal
AAACGAACAAGTGGTG-1,beta
AAACGAACATGTTCAG-1,beta
AAACGAAGTCACTTCC-1,beta
AAACGCTAGACGCATG-1,beta
AAACGCTAGCAACCAG-1,beta
AAACGCTGTCCGGACT-1,endothelial-mesenchymal
AAACGCTTCTGTAAGC-1,beta
AAAGGATTCATTTCCA-1,beta
AAAGGGCCAAGCACAG-1,beta
AAAGGGCCAGAGAGGG-1,beta
AAAGGGCGTTATCCAG-1,beta
AAAGGTAAGAGTCTTC-1,beta
AAAGGTACACAGCCAC-1,beta
AAAGGTAGTAACGATA-1,beta
AAAGGTAGTGGTACAG-1,beta
AAAGTCCAGGATGAGA-1,beta
AAAGTCCCATCATTTC-1,beta
AAAGTCCTCTGACGCG-1,beta
AAATGGAAGAGGGTGG-1,beta
AAATGGAGTGAGTGAC-1,beta
AAATGGAGTTCCCACT-1,beta
AAATGGAGTTCCTAGA-1,beta
AAATGGAGTTGCGGAA-1,beta
AACAAAGAGCATACTC-1,beta
AACAAAGAGGAACTCG-1,beta
AACAAAGGTTGATCGT-1,beta
AACAACCAGATACAGT-1,beta
AACAACCAGATGGTCG-1,duct
AACACACAGCTAGATA-1,beta
AACACACGTTTACCAG-1,beta
AACACACTCCCTTCCC-1,beta
AACAGGGCATTAGGAA-1,beta
AACAGGGGTACAGTAA-1,gamma
AACAGGGGTCGTACTA-1,beta
AACAGGGGTTGACGGA-1,beta
AACAGGGGTTTCACTT-1,beta
AACCAACAGCTCGACC-1,delta+epsilon
AACCAACGTTTAAGGA-1,beta
AACCACAAGAAGCGCT-1,beta
AACCACACACCGGTCA-1,beta
AACCATGAGCTCGACC-1,beta
AACCATGAGGGATCTG-1,alpha
AACCATGCATCGCTAA-1,beta
AACCATGGTACTGTTG-1,delta+epsilon
AACCATGGTCTTCTAT-1,beta
AACCATGTCTTTCCGG-1,duct
AACCCAAAGTTGCGCC-1,beta
AACCCAAGTAACTAAG-1,alpha
AACCTGAAGCGGATCA-1,beta
AACCTGATCTATCGCC-1,delta+epsilon
AACCTTTCACCCAACG-1,beta
AACCTTTGTCATGACT-1,beta
AACCTTTGTCGAATTC-1,beta
AACCTTTTCTCTGGTC-1,beta
AACGAAAAGAGTCACG-1,beta
AACGAAAAGGGCAATC-1,beta
AACGAAAAGTAAACGT-1,beta
AACGGGAAGCCTCTGG-1,alpha
AACGGGACAGTTTGGT-1,beta
AACGGGACATTCAGGT-1,beta
AACGTCAAGGTAAGTT-1,beta
AACGTCACAAGCCATT-1,beta
AACGTCACATCAGCAT-1,beta
AACGTCAGTGTTCCAA-1,beta
AACTTCTTCCGCGAGT-1,beta
AACTTCTTCGCATGAT-1,alpha
AAGAACAGTCGTGGTC-1,beta
AAGAACAGTTTCTATC-1,beta
AAGATAGAGAGAGAAC-1,beta
AAGATAGAGTCGCGAA-1,beta
AAGATAGCACATCATG-1,beta
AAGATAGCAGGAGGTT-1,beta
AAGATAGGTGTTATCG-1,beta
AAGATAGTCATTCACT-1,beta
AAGCATCAGCTTCATG-1,gamma
AAGCATCAGTTCCATG-1,beta
AAGCCATAGATTGGGC-1,beta
AAGCGAGCACTATGTG-1,beta
AAGCGAGTCATTATCC-1,beta
AAGCGAGTCCATGCAA-1,beta
AAGCGTTAGAGAGGGC-1,beta
AAGCGTTAGAGCATTA-1,beta
AAGCGTTAGTGGATAT-1,endothelial-mesenchymal
AAGCGTTTCGTGCACG-1,beta
AAGCGTTTCTGTCGCT-1,beta
AAGGAATAGGCAGGTT-1,delta+epsilon
AAGGAATGTGCAACGA-1,alpha
AAGGTAAAGGTAAAGG-1,endothelial-mesenchymal
AAGGTAACACTTCATT-1,beta
AAGGTAACATGCACTA-1,beta
AAGTACCCAGTAGGAC-1,beta
AAGTACCTCCCAGGAC-1,duct
AAGTACCTCTGAGATC-1,beta
AAGTACCTCTTTCGAT-1,beta
AAGTCGTGTCATCGGC-1,beta
AAGTCGTTCGCCGATG-1,beta
AAGTCGTTCTTGGTCC-1,beta
AAGTGAAAGCACGATG-1,beta
AAGTGAAGTCCTCCAT-1,endothelial-mesenchymal
AAGTGAAGTCTGTGGC-1,beta
AAGTTCGAGACCACGA-1,beta
AAGTTCGCACTGATTG-1,beta
AAGTTCGCAGCTGTTA-1,beta
AAGTTCGCATTGTCGA-1,beta
AATAGAGCAATGGGTG-1,macrophage
AATAGAGCAGACACAG-1,beta
AATAGAGGTGGTCCCA-1,beta
AATAGAGTCATGCCAA-1,beta
AATCACGAGACCTCAT-1,alpha
AATCACGGTTCAACGT-1,beta
AATCGACGTCGCCACA-1,beta
AATCGACTCTGCGGCA-1,beta
AATCGTGTCAATCCGA-1,beta
AATGAAGGTTACCGTA-1,beta
AATGGAAGTGGCATCC-1,beta
AATGGCTGTAACATCC-1,beta
AATGGCTGTACCACGC-1,beta
AATGGCTTCCCGTGTT-1,beta
AATTCCTTCACGATCA-1,beta
AATTCCTTCATTACCT-1,beta
AATTTCCTCTTGTGCC-1,beta
ACAAAGACAAGACCTT-1,beta
ACAAAGACAGTCGCTG-1,beta
ACAAAGAGTCACATTG-1,delta+epsilon
ACAAAGAGTCCAAGAG-1,beta
ACAACCACAATGCAAA-1,beta
ACAACCACAGCTGAGA-1,beta
ACAACCATCTTCTAAC-1,beta
ACAAGCTAGCCGAATG-1,alpha
ACAAGCTCACACCGCA-1,beta
ACAAGCTGTATGAGAT-1,beta
ACAAGCTTCCTGTAAG-1,beta
ACACAGTCAGTAGGAC-1,beta
ACACAGTGTGTTCATG-1,beta
ACACCAACACCGTCGA-1,endothelial-mesenchymal
ACACCAACACGTCTCT-1,beta
ACACGCGAGAACGTGC-1,beta
ACACGCGAGACTGGGT-1,beta
ACACTGAGTTTCAGAC-1,beta
ACACTGATCGCTCCTA-1,beta
ACAGAAAAGCACCAGA-1,beta
ACAGAAAAGCACCGAA-1,alpha
ACAGAAAAGCTCGTGC-1,beta
ACAGAAAAGCTGCGAA-1,delta+epsilon
ACAGAAACACGTCGTG-1,beta
ACAGCCGCACGTACTA-1,beta
ACATCCCTCCAATCCC-1,beta
ACATCCCTCGGTCAGC-1,delta+epsilon
ACATCGACAGCCGTCA-1,beta
ACATCGAGTAGCTCGC-1,alpha
ACATCGAGTTTCACAG-1,beta
ACATGCAAGCTTACGT-1,beta
ACATGCATCGAGTGAG-1,beta
ACATTTCGTCAACCTA-1,endothelial-mesenchymal
ACCAAACGTATTCTCT-1,beta
ACCAAACGTCCACTCT-1,beta
ACCAAACGTGTTAACC-1,beta
ACCAACAAGTTGAAGT-1,beta
ACCAACACAATAGTAG-1,beta
ACCAACATCTACCTTA-1,beta
ACCACAACACGGTGCT-1,beta
ACCACAAGTTCGGGTC-1,duct
ACCCAAACACACCTGG-1,alpha
ACCCAAATCGCACGAC-1,beta
ACCCTCATCTGCTAGA-1,beta
ACCCTTGCATCTTAGG-1,beta
ACCGTTCCAGCTCGGT-1,beta
ACCGTTCGTGACATCT-1,beta
ACCGTTCGTTCGCGTG-1,beta
ACCGTTCGTTTAGACC-1,beta
ACCTACCTCGTTCTAT-1,beta
ACCTGAACATTCCTCG-1,beta
ACGATCACAACGATTC-1,gamma
ACGATCATCCGATAAC-1,beta
ACGATGTTCGTGACTA-1,beta
ACGCACGAGCAACCAG-1,beta
ACGCACGCAGACCAGA-1,beta
ACGCACGGTAACTTCG-1,beta
ACGCACGTCCACAGGC-1,beta
ACGGAAGCAGCTGAAG-1,beta
ACGGAAGCAGTCGAGA-1,beta
ACGGAAGGTACCGTGC-1,gamma
ACGGGTCTCCTATTGT-1,alpha
ACGGGTCTCCTTGACC-1,endothelial-mesenchymal
ACGGTCGCAGGTGACA-1,beta
ACGGTCGTCAACTGGT-1,beta
ACGGTCGTCCAAGAGG-1,delta+epsilon
ACGGTTACAAACGTGG-1,beta
ACGGTTACAACCGTAT-1,beta
ACGGTTACATGAGAAT-1,beta
ACGTACAAGGTTACAA-1,beta
ACGTACATCCTTACCG-1,beta
ACGTCCTAGCAATAAC-1,beta
ACGTCCTGTACGATCT-1,beta
ACGTCCTTCGTCTAAG-1,beta
ACGTTCCCAAGTGATA-1,beta
ACGTTCCCACGGATCC-1,delta+epsilon
ACTACGAGTACCCGAC-1,beta
ACTACGAGTTCCGGTG-1,beta
ACTATCTTCTGTCTCG-1,beta
ACTATGGAGACATCCT-1,beta
ACTATGGGTCCCGCAA-1,beta
ACTATTCGTCAACACT-1,beta
ACTCCCATCCCTCATG-1,beta
ACTCCCATCGGCCTTT-1,alpha
ACTCTCGAGTTCATGC-1,beta
ACTCTCGCATTGTACG-1,alpha
ACTGATGAGACGTCCC-1,beta
ACTGCAAAGACTACGG-1,beta
ACTGCAACAAGTTTGC-1,beta
ACTTAGGAGGCAGGGA-1,beta
ACTTAGGAGTCATCCA-1,beta
ACTTAGGTCTTGGTCC-1,beta
ACTTATCAGGTGCTAG-1,beta
ACTTATCGTAACGGTG-1,alpha
ACTTATCGTTCAGGTT-1,beta
ACTTATCTCAGGACGA-1,beta
ACTTCCGCATTCATCT-1,beta
ACTTCCGTCCAGCTCT-1,delta+epsilon
AGAAATGCAATGAAAC-1,beta
AGAACAAAGCAATAAC-1,beta
AGAACAACAGTAACGG-1,beta
AGAACCTTCCAAGCAT-1,beta
AGAAGCGAGGTACCTT-1,beta
AGAAGCGCATTGGCAT-1,beta
AGAAGCGTCAGGACGA-1,beta
AGAAGTAAGGGTACGT-1,beta
AGAAGTATCTAAGCGT-1,beta
AGAAGTATCTCGGCTT-1,beta
AGACAAAAGGCTCTCG-1,beta
AGACAAATCTACAGGT-1,alpha
AGACACTCATCTCATT-1,beta
AGACACTTCTATCGGA-1,beta
AGACAGGCAGCTGTTA-1,beta
AGACCATAGTTGGCTT-1,beta
AGACCATGTCACGACC-1,endothelial-mesenchymal
AGACCATGTCCTGGTG-1,beta
AGACCCGAGGTACTGG-1,beta
AGACCCGGTTGATCGT-1,beta
AGACCCGTCTCCGATC-1,beta
AGACTCAGTGCCCACA-1,delta+epsilon
AGAGAGCAGTATGATG-1,beta
AGAGAGCAGTTCATCG-1,beta
AGAGAGCCATATCGGT-1,beta
AGAGCAGAGCGCCATC-1,beta
AGAGCAGAGGACAACC-1,alpha
AGAGCAGCATTCGGGC-1,beta
AGAGCCCAGGGAGAAT-1,delta+epsilon
AGAGCCCCAATCGTCA-1,beta
AGAGCCCTCCCTTGTG-1,alpha
AGAGCCCTCGCTTGAA-1,beta
AGATAGAAGGGACACT-1,beta
AGATCCACAGAACGCA-1,gamma
AGATCCACATCGAACT-1,beta
AGATCGTAGGAGGCAG-1,beta
AGATGAATCTTCGTGC-1,beta
AGATGCTCAACACTAC-1,beta
AGATGCTCATGGCTGC-1,beta
AGCCAATCACCGTGCA-1,beta
AGCCAATCATCTCCCA-1,beta
AGCCAATTCTATCCAT-1,beta
AGCCACGTCCCTCAAC-1,delta+epsilon
AGCCAGCAGCCTCAGC-1,beta
AGCCAGCAGGCACGAT-1,beta
AGCCAGCTCTAAGGAA-1,endothelial-mesenchymal
AGCGATTAGTTGCTGT-1,beta
AGCGATTCAACGCATT-1,beta
AGCGATTGTGTATACC-1,beta
AGCGATTTCCCAGGCA-1,beta
AGCGCCAAGCGTGTCC-1,beta
AGCGCCAGTATCCCTC-1,gamma
AGCGCTGAGATTGTGA-1,beta
AGCGCTGCACCTCTGT-1,beta
AGCGCTGGTGCTCTCT-1,beta
AGCGCTGTCGGACAAG-1,beta
AGCGTATAGGACGCTA-1,beta
AGCGTCGCATATTCGG-1,beta
AGCTACACACTCCTTG-1,beta
AGCTACATCATCCCGT-1,beta
AGCTACATCCTCATAT-1,beta
AGCTTCCCAGGGACTA-1,beta
AGGAAATGTGGCTTAT-1,beta
AGGAATAGTGGGCTCT-1,beta
AGGAATATCACACGAT-1,beta
AGGACGACAATGGCCC-1,beta
AGGAGGTCAATAAGGT-1,beta
AGGAGGTCATCAGCGC-1,delta+epsilon
AGGATAACAATCGCGC-1,beta
AGGATCTAGCCGTTGC-1,beta
AGGCATTCACGAGGTA-1,beta
AGGCCACCAAGTACCT-1,beta
AGGCCACCACCCTGTT-1,beta
AGGCCACGTCTCGGAC-1,beta
AGGGAGTGTCAGACGA-1,duct
AGGGCCTCATTGCCGG-1,endothelial-mesenchymal
AGGGCCTGTCGATTTG-1,beta
AGGGCCTGTGTGTTTG-1,beta
AGGGCCTTCGCCTTGT-1,beta
AGGGCCTTCGTGGCTG-1,beta
AGGGCTCTCAGTGCGC-1,beta
AGGGTCCAGCCTGCCA-1,delta+epsilon
AGGGTCCAGGTGAGAA-1,alpha
AGGGTCCCATAAGATG-1,beta
AGGGTCCGTACAGTAA-1,beta
AGGGTGAAGAGCATTA-1,delta+epsilon
AGGGTGAAGTAGCAAT-1,beta
AGGGTTTCATACCATG-1,beta
AGGGTTTGTTTATGCG-1,beta
AGGGTTTTCAGCTAGT-1,beta
AGGTCATGTGTACAGG-1,beta
AGGTCTACAAAGACTA-1,beta
AGGTCTACAGGGTCTC-1,beta
AGGTCTATCGCAATGT-1,beta
AGGTGTTAGCCTAACT-1,endothelial-mesenchymal
AGGTGTTAGGCCCGTT-1,beta
AGGTGTTCATCGATCA-1,beta
AGGTGTTGTGCCTATA-1,beta
AGGTGTTTCAAACGTC-1,beta
AGGTTACAGCATATGA-1,beta
AGGTTACAGTGCAAAT-1,beta
AGGTTGTGTACAATAG-1,beta
AGGTTGTGTTTCTATC-1,gamma
AGGTTGTTCACCTTAT-1,beta
AGTAACCAGACCACGA-1,beta
AGTAACCCAAAGAGTT-1,beta
AGTACCACATGTTCGA-1,beta
AGTACTGAGGAGAGTA-1,beta
AGTACTGGTCAAGGCA-1,beta
AGTAGCTAGGCTCTAT-1,beta
AGTAGCTGTAGACGGT-1,beta
AGTAGCTTCCTGTTGC-1,beta
AGTAGTCCACTACTTT-1,beta
AGTAGTCGTTACCGTA-1,beta
AGTCACATCCTTGAAG-1,beta
AGTCATGAGTGAATAC-1,beta
AGTCATGGTGTACAGG-1,beta
AGTCATGGTTCGGACC-1,beta
AGTGACTCACGAGGAT-1,beta
AGTGACTCATCGTTCC-1,alpha
AGTGACTTCAAGGCTT-1,beta
AGTGCCGAGTATTAGG-1,beta
AGTGCCGTCGGCCAAC-1,beta
AGTGCCGTCTTAGGAC-1,beta
AGTGTTGCATAACCCA-1,beta
AGTTAGCTCTGGGATT-1,beta
AGTTCCCCACACTGGC-1,macrophage
AGTTCCCCACCTGCTT-1,beta
AGTTCCCGTACCACGC-1,beta
AGTTCCCTCTATTGTC-1,beta
ATACCGAGTAACAGTA-1,beta
ATACCTTCAAGAGCTG-1,beta
ATACCTTCAAGCTGCC-1,beta
ATACCTTCAGGATTCT-1,beta
ATAGACCAGGTAGCAC-1,beta
ATAGACCTCCGTATAG-1,duct
ATAGAGAAGATGGGCT-1,beta
ATAGAGAAGCTTTGTG-1,beta
ATAGAGACAGATCCAT-1,endothelial-mesenchymal
ATAGAGAGTCCATCTC-1,macrophage
ATAGAGAGTTTACGAC-1,beta
ATAGGCTCAACTGCTA-1,beta
ATAGGCTGTTTACTGG-1,beta
ATAGGCTTCCTAGCGG-1,beta
ATATCCTCACTCCGAG-1,beta
ATATCCTCATGACCCG-1,beta
ATATCCTGTCAGCGTC-1,beta
ATATCCTGTGGGTTGA-1,beta
ATATCCTTCATCGCAA-1,beta
ATATCCTTCGGCTTCT-1,beta
ATCACAGCACGTTCGG-1,beta
ATCACAGCACTCCTGT-1,delta+epsilon
ATCACGAAGAGAAGGT-1,beta
ATCACGAAGGTCGCCT-1,endothelial-mesenchymal
ATCACGAGTGGTTTAC-1,beta
ATCACGATCGTCAAAC-1,beta
ATCACTTAGCTAATCC-1,beta
ATCACTTAGTGAGTTA-1,beta
ATCACTTCATCCTGTC-1,beta
ATCACTTGTGTGTGTT-1,endothelial-mesenchymal
ATCACTTTCCAATCCC-1,beta
ATCAGGTAGGACAAGA-1,beta
ATCAGGTCAGTCTGGC-1,beta
ATCAGGTTCTATCGGA-1,beta
ATCCACCAGCTCAGAG-1,beta
ATCCACCCACACAGCC-1,beta
ATCCACCGTTGTCATG-1,endothelial-mesenchymal
ATCCACCTCCTGTACC-1,beta
ATCCATTCAAGCGAAC-1,beta
ATCCCTGAGCCTTTCC-1,gamma
ATCCCTGAGCTCCCTT-1,alpha
ATCCGTCTCAAGCCTA-1,beta
ATCCGTCTCGTTACCC-1,beta
ATCCTATAGACGAGCT-1,beta
ATCGATGGTATGTGTC-1,beta
ATCGATGTCAGCAATC-1,beta
ATCGCCTGTCGTAATC-1,beta
ATCGCCTTCACCTCAC-1,endothelial-mesenchymal
ATCGCCTTCTCGACCT-1,beta
ATCGGATTCAAGCGTT-1,beta
ATCGGCGAGCACCCAC-1,beta
ATCGTAGAGATAGCAT-1,beta
ATCGTAGCACTCTGCT-1,beta
ATCGTAGTCGTGCAGC-1,beta
ATCGTAGTCTACACTT-1,beta
ATCGTCCAGCGAACTG-1,beta
ATCGTCCAGTGCACTT-1,beta
ATCGTCCCAACCCTCT-1,beta
ATCGTCCGTACTCGAT-1,beta
ATCGTCCGTAGTACGG-1,beta
ATCGTCCTCGCGGTAC-1,beta
ATCGTGAAGCAGTCTT-1,beta
ATCGTGACAAGTCGTT-1,beta
ATCTCTAAGACCGCCT-1,beta
ATCTCTAGTACGAAAT-1,beta
ATCTCTAGTGAGAGGG-1,beta
ATCTCTATCCACAGGC-1,endothelial-mesenchymal
ATCTCTATCTGCTCTG-1,delta+epsilon
ATCTTCACACGTCGTG-1,beta
ATGAAAGTCGGTGTAT-1,beta
ATGAAAGTCTGTGCAA-1,beta
ATGACCAAGCTCGACC-1,beta
ATGACCACAACGTAAA-1,beta
ATGACCACATCTTCGC-1,beta
ATGACCATCTACGCGG-1,beta
ATGAGGGAGTAAACAC-1,beta
ATGAGGGTCACCATAG-1,beta
ATGAGGGTCATGGTAC-1,beta
ATGAGTCAGAACAGGA-1,beta
ATGAGTCAGCCATTCA-1,beta
ATGAGTCGTACCGGAA-1,beta
ATGAGTCGTACGCTAT-1,beta
ATGAGTCTCATTACGG-1,beta
ATGATCGGTCTGCATA-1,alpha
ATGCATGGTTGGGATG-1,beta
ATGCCTCAGACTGGGT-1,beta
ATGCCTCAGGTCCGAA-1,beta
ATGCCTCAGTGGCGAT-1,beta
ATGCCTCTCTGAGGTT-1,beta
ATGCGATAGTGACCTT-1,beta
ATGCGATTCAACCTTT-1,beta
ATGGAGGCAGCGACCT-1,beta
ATGGAGGCAGGTCAGA-1,beta
ATGGAGGGTGGCTTGC-1,beta
ATGGGAGCAAGCGGAT-1,delta+epsilon
ATGGGAGCATATCTGG-1,beta
ATGGGAGTCAACCGAT-1,beta
ATGGGTTGTGTCGCTG-1,beta
ATGGGTTGTTTACTTC-1,beta
ATGGGTTGTTTGGGAG-1,beta
ATGGTTGCAGGTGACA-1,beta
ATGTCCCTCATGCCCT-1,beta
ATGTCTTAGGAGTACC-1,beta
ATGTCTTAGGGAGATA-1,beta
ATGTCTTGTGGCTACC-1,beta
ATTACCTAGGTATTGA-1,beta
ATTACTCAGGTTGGAC-1,alpha
ATTACTCCATGTGTCA-1,beta
ATTACTCGTCCTTTGC-1,beta
ATTATCCCAGCCTACG-1,beta
ATTCACTAGCCGCACT-1,beta
ATTCACTCAAGTCGTT-1,beta
ATTCACTCAAGTGGCA-1,beta
ATTCACTCACAAAGCG-1,beta
ATTCACTCAGAGACTG-1,beta
ATTCACTGTATGTCAC-1,beta
ATTCACTGTCTGTAGT-1,beta
ATTCACTGTGGCTCTG-1,beta
ATTCAGGAGCGGTATG-1,beta
ATTCAGGGTACCCGAC-1,beta
ATTCAGGGTACGTGAG-1,beta
ATTCCATAGTCTAACC-1,beta
ATTCCATCAAGAGAGA-1,beta
ATTCCCGAGCGTGAGT-1,beta
ATTCCCGCAATTGAAG-1,beta
ATTCCCGTCTCCAATT-1,beta
ATTCCTACAATGCAAA-1,beta
ATTCCTAGTCCGGTCA-1,beta
ATTCGTTAGAATCGTA-1,beta
ATTCTACGTCTTGTCC-1,beta
ATTGGGTCACCCTTAC-1,beta
ATTGGGTCACGAGGTA-1,beta
ATTGTTCTCATCTGTT-1,beta
ATTTACCAGACAAGCC-1,beta
ATTTACCCAATCACGT-1,alpha
ATTTACCCAGTGCGCT-1,beta
ATTTACCCATGATCTG-1,beta
ATTTACCTCCGTCAAA-1,macrophage
ATTTCTGCAGCCATTA-1,beta
ATTTCTGCATGGCGCT-1,endothelial-mesenchymal
ATTTCTGGTTGAAGTA-1,beta
ATTTCTGTCAGTGTGT-1,beta
ATTTCTGTCGGCTGGT-1,beta
CAAAGAACAGATGCGA-1,beta
CAAAGAAGTCGACGCT-1,beta
CAACAACCATTGTAGC-1,beta
CAACAACGTAGTGGCA-1,beta
CAACAACTCAGCGGAA-1,beta
CAACAACTCCTGTACC-1,beta
CAACAGTTCCGATGTA-1,beta
CAACCAAGTAGCCCTG-1,beta
CAACCTCAGTGCAGGT-1,beta
CAACCTCGTATGAAAC-1,beta
CAACCTCGTCTGTGTA-1,beta
CAACGATCATGACTAC-1,beta
CAACGATTCCAGTGCG-1,beta
CAACGGCAGCCGTTAT-1,alpha
CAACGGCAGGTAGTCG-1,endothelial-mesenchymal
CAACGGCGTAGACAGC-1,beta
CAACGGCGTTGTAAAG-1,beta
CAAGACTAGCTATCTG-1,beta
CAAGACTAGGGTGAAA-1,delta+epsilon
CAAGACTGTTCGGTCG-1,beta
CAAGAGGCACATTCTT-1,beta
CAAGAGGCAGACCAGA-1,beta
CAAGAGGTCATGTCAG-1,alpha
CAAGCTAAGCGTCTCG-1,beta
CAAGCTAGTCCAGCGT-1,macrophage
CAAGCTAGTGGATTTC-1,macrophage
CAAGCTATCCAAGCTA-1,endothelial-mesenchymal
CAAGCTATCTCGGTCT-1,alpha
CAAGGGAAGATAACAC-1,beta
CAAGGGACAACCAATC-1,endothelial-mesenchymal
CAAGGGACATCGGAGA-1,beta
CAAGGGATCCAACTAG-1,beta
CAATACGAGTAGCTCT-1,beta
CAATACGAGTGGCAGT-1,beta
CAATACGCAGATACCT-1,beta
CAATACGGTATCGTGT-1,beta
CAATACGGTCAGTTTG-1,macrophage
CAATACGGTGTCACAT-1,beta
CAATCGAGTGCCGGTT-1,beta
CAATGACTCGTTCAGA-1,beta
CAATTTCAGAATCGAT-1,beta
CAATTTCCACACACGC-1,beta
CAATTTCTCCAATGCA-1,beta
CAATTTCTCCGTCCTA-1,beta
CACAACAAGATCGGTG-1,beta
CACAACAGTGTGAGCA-1,beta
CACACAACAGCTGAAG-1,beta
CACACAATCCACACAA-1,beta
CACACAATCCGCCTAT-1,beta
CACAGATAGGCACCAA-1,beta
CACAGATTCTGTGCGG-1,delta+epsilon
CACAGGCGTTGTCTAG-1,beta
CACAGGCTCCGTGGGT-1,beta
CACAGGCTCTCGAGTA-1,beta
CACATGAAGACATGCG-1,beta
CACCAAAAGGGTGAGG-1,beta
CACCAAACAAAGCAAT-1,beta
CACCAAATCCCGAGGT-1,beta
CACCAAATCCGATAAC-1,beta
CACCGTTCAACACTAC-1,beta
CACGAATAGCAACTCT-1,beta
CACGGGTCAATTAGGA-1,beta
CACGGGTGTTGGACTT-1,beta
CACGGGTTCGTGTGGC-1,delta+epsilon
CACGTGGCACGTGTGC-1,beta
CACGTGGGTGGCCCAT-1,beta
CACGTGGGTTCTCTCG-1,beta
CACGTTCAGATGCGAC-1,beta
CACGTTCAGGCAGGGA-1,gamma
CACGTTCAGGGAGAAT-1,alpha
CACGTTCCACCTCTAC-1,beta
CACGTTCGTTCCTTGC-1,beta
CACTAAGAGATACATG-1,beta
CACTGAACACGACTAT-1,beta
CACTGAAGTGTTGATC-1,beta
CACTGAATCGACGATT-1,beta
CACTGGGGTACTCCCT-1,beta
CACTGTCAGACTAAGT-1,beta
CACTGTCGTACGGGAT-1,delta+epsilon
CACTGTCTCAGGAGAC-1,beta
CACTTCGAGCGTGCCT-1,endothelial-mesenchymal
CACTTCGTCGGACGTC-1,beta
CAGATCACAGACGGAT-1,beta
CAGATCATCGCCTTTG-1,beta
CAGATTGAGCCATTGT-1,beta
CAGATTGAGGACGGAG-1,beta
CAGATTGTCAGTGCGC-1,delta+epsilon
CAGCAATAGCATGTTC-1,beta
CAGCAATAGGATGAGA-1,beta
CAGCAATCAATTTCCT-1,gamma
CAGCAGCAGGGCAACT-1,beta
CAGCCAGGTTAGGGTG-1,alpha
CAGCGTGCACAATGCT-1,beta
CAGCGTGCATACGCAT-1,beta
CAGCGTGTCGAAATCC-1,beta
CAGGCCACAACACGAG-1,beta
CAGGCCACATCTGCGG-1,alpha
CAGGCCAGTTTCGTGA-1,alpha
CAGGGCTAGCCTCTCT-1,beta
CAGGGCTCATCTCAAG-1,beta
CAGGTATAGGAACTCG-1,beta
CAGGTATAGGTAAGTT-1,beta
CAGGTATAGGTCTGGA-1,beta
CAGGTATCACGCTGTG-1,alpha
CAGGTATTCTGAATGC-1,alpha
CAGTTAGCACCAGCGT-1,beta
CAGTTAGGTTGTTGTG-1,beta
CAGTTAGTCCATGCAA-1,delta+epsilon
CAGTTCCAGCCTCTGG-1,beta
CAGTTCCCAGACACAG-1,beta
CAGTTCCGTGCATGAG-1,macrophage
CATAAGCAGGTCACTT-1,beta
CATAAGCAGTTTGCTG-1,beta
CATACAGAGTGGCAGT-1,beta
CATACAGCATGACGAG-1,beta
CATACCCAGACTCTTG-1,beta
CATACCCAGCACCGTC-1,beta
CATACTTAGTGCACAG-1,beta
CATACTTGTCTGTTAG-1,beta
CATCAAGGTGCCGTTG-1,beta
CATCAAGTCACGGTCG-1,beta
CATCCCAGTAGTACGG-1,beta
CATCCCATCTCTCCGA-1,beta
CATCCGTAGCCTGAGA-1,beta
CATCCGTAGGATTTAG-1,beta
CATCGCTCACAACGCC-1,beta
CATCGCTCATAACTCG-1,beta
CATCGCTGTAAGGCCA-1,alpha
CATCGGGCATCATCCC-1,alpha
CATCGTCCAACGAGGT-1,gamma
CATCGTCTCAGACTGT-1,beta
CATGAGTAGCTGCGAA-1,beta
CATGAGTTCACCTGGG-1,beta
CATGCAACAAGATGTA-1,beta
CATGCAAGTAGTCTTG-1,beta
CATGCAATCGATTGGT-1,beta
CATGCAATCTGGGATT-1,beta
CATGCCTCAACCTATG-1,beta
CATGCCTGTAACGGTG-1,beta
CATGCCTGTACAGAGC-1,endothelial-mesenchymal
CATGCCTTCACTTTGT-1,beta
CATGCGGAGTGTTGTC-1,beta
CATGCGGCAGCGTTGC-1,beta
CATGCGGTCACGACTA-1,beta
CATGCTCAGCCATTGT-1,beta
CATGCTCCAGGTTTAC-1,beta
CATGGATGTCAAATCC-1,beta
CATGGATTCTAGGCAT-1,beta
CATGGTAAGCGCACAA-1,beta
CATGGTAAGGCTTCCG-1,beta
CATGGTAAGTCACTAC-1,beta
CATTCATAGTCATCGT-1,alpha
CATTCATTCTCCCAAC-1,beta
CATTCCGCACCAGACC-1,beta
CATTCCGGTCATCCGG-1,beta
CATTCCGGTCATCGCG-1,delta+epsilon
CATTCCGTCCAGGACC-1,beta
CATTCTACAGAGGTAC-1,beta
CATTCTACATCCCGTT-1,beta
CATTCTATCCCTCTCC-1,beta
CATTGAGCACGACAGA-1,beta
CATTGAGGTCGACTTA-1,beta
CATTGCCAGGTAGCCA-1,beta
CATTGTTGTCGCTTAA-1,delta+epsilon
CATTGTTGTGATATAG-1,delta+epsilon
CATTTCAGTTGTCTAG-1,beta
CATTTCATCTGTCGTC-1,delta+epsilon
CCAAGCGTCAGGAAAT-1,alpha
CCAATGAGTAGCGTTT-1,beta
CCAATGAGTCCCTCAT-1,beta
CCAATTTCATCTTCGC-1,beta
CCAATTTCATGACCCG-1,beta
CCAATTTGTGAGCTCC-1,beta
CCACAAATCTCGGCTT-1,beta
CCACAAATCTGGGAGA-1,alpha
CCACACTAGAACTTCC-1,beta
CCACACTAGCACCAGA-1,beta
CCACACTCAGCTAACT-1,beta
CCACACTGTGAGCAGT-1,beta
CCACACTTCCAACACA-1,beta
CCACCATGTTTACCAG-1,beta
CCACGAGAGCTTGTTG-1,beta
CCACGAGAGTCTCTGA-1,beta
CCACGAGTCACACCGG-1,beta
CCACGTTGTTTCTATC-1,beta
CCACGTTTCCTTCTAA-1,beta
CCACTTGAGAGCAGCT-1,beta
CCACTTGAGATAGGGA-1,beta
CCACTTGAGTATGGCG-1,beta
CCATAAGCATGTGACT-1,beta
CCATAAGTCGTAACCA-1,beta
CCATCACAGTTGGAAT-1,beta
CCATCACCAACCTATG-1,beta
CCATCACGTATCGGTT-1,beta
CCATCACGTCCGGATC-1,beta
CCATCACTCGTAGGGA-1,alpha
CCATCACTCGTTCTCG-1,beta
CCCAACTAGCGACTGA-1,beta
CCCATTGTCGGACTTA-1,beta
CCCGAAGAGTCTGTAC-1,beta
CCCGAAGTCAAGCTTG-1,beta
CCCGAAGTCAGTAGGG-1,beta
CCCTCAAAGTCATACC-1,beta
CCCTCAAGTAGAGGAA-1,beta
CCCTCAAGTAGTCTTG-1,beta
CCCTCTCAGCATCTTG-1,beta
CCCTCTCTCCTGGTCT-1,beta
CCCTGATAGGAATCGC-1,beta
CCCTGATCATAGAAAC-1,endothelial-mesenchymal
CCGAACGTCACCTGGG-1,beta
CCGATCTAGAAGCGGG-1,beta
CCGATCTAGTGCGCTC-1,beta
CCGATCTCACTGTCCT-1,beta
CCGATCTCATCGGAGA-1,beta
CCGATGGCAAGACCGA-1,beta
CCGATGGGTACAGGTG-1,beta
CCGATGGGTAGCTTAC-1,beta
CCGATGGGTTGCGTAT-1,beta
CCGCAAGCAGGTCTCG-1,beta
CCGCAAGTCACGTAGT-1,beta
CCGGGTACACGACGCT-1,beta
CCGGGTAGTACGGGAT-1,beta
CCGGTGAGTATCAGGG-1,beta
CCGTAGGAGTAGTCCT-1,beta
CCGTAGGCACTGCGAC-1,beta
CCGTAGGCACTGGACC-1,beta
CCGTAGGGTACAGTCT-1,beta
CCGTAGGGTATCACCA-1,beta
CCGTGAGAGGCACTAG-1,endothelial-mesenchymal
CCGTGAGAGTAGCATA-1,delta+epsilon
CCGTGAGCAATCGCAT-1,beta
CCGTTCATCTCCGAGG-1,endothelial-mesenchymal
CCTAACCAGTTACGAA-1,delta+epsilon
CCTAAGAAGGCGAAGG-1,beta
CCTATCGGTAGATCGG-1,beta
CCTATCGGTCTAACTG-1,beta
CCTATCGGTCTACACA-1,gamma
CCTATCGGTCTCACGG-1,alpha
CCTATCGTCGTGACTA-1,beta
CCTATCGTCTAACGGT-1,beta
CCTCACACAACGGTAG-1,beta
CCTCACACAGGAGGTT-1,beta
CCTCACAGTACTCAAC-1,beta
CCTCAGTAGCATCAAA-1,beta
CCTCATGAGAAGGATG-1,beta
CCTCATGGTCAAGTTC-1,beta
CCTCCAACAGAGGGTT-1,beta
CCTCCAAGTTGCTCGG-1,beta
CCTCCAATCGGTCTGG-1,beta
CCTCCTCAGGTATAGT-1,beta
CCTCCTCCAAGCCATT-1,beta
CCTCCTCGTTGGGTTT-1,beta
CCTCCTCGTTTAAGGA-1,beta
CCTCTAGAGGGCAGTT-1,beta
CCTCTAGGTTTACCAG-1,beta
CCTCTCCAGTCGCGAA-1,beta
CCTCTCCCATATAGCC-1,beta
CCTGCATAGAGTGACC-1,beta
CCTGCATAGCTAAATG-1,beta
CCTGCATTCATGGGAG-1,beta
CCTGTTGAGAGTCCGA-1,beta
CCTGTTGAGATAGCTA-1,beta
CCTGTTGGTGATAGTA-1,beta
CCTTCAGAGGTGCATG-1,beta
CCTTCAGCACCAAATC-1,beta
CCTTCAGCAGAGCCCT-1,beta
CCTTCAGGTCATCGCG-1,beta
CCTTCAGTCCCTATTA-1,beta
CCTTGTGAGGGCAGAG-1,beta
CCTTTGGCAACTAGAA-1,beta
CCTTTGGGTGCTCGTG-1,beta
CGAAGGAAGTGGATTA-1,beta
CGAAGGACAAGGTCTT-1,beta
CGAAGTTAGCGCCCAT-1,beta
CGAAGTTCAACCAACT-1,beta
CGAAGTTGTCCAGGTC-1,delta+epsilon
CGAAGTTTCCACAAGT-1,beta
CGAATTGGTAGAGACC-1,beta
CGAATTGTCAACCCGG-1,alpha
CGAATTGTCCGGCAAC-1,beta
CGAATTGTCGCGGACT-1,beta
CGACAGCCACCCAATA-1,alpha
CGACAGCGTGGTAATA-1,beta
CGAGAAGAGTCTGCGC-1,beta
CGAGAAGTCGTTCTAT-1,alpha
CGAGGAACACGTAGTT-1,beta
CGAGGAAGTTACCCTC-1,beta
CGAGGAAGTTGTAGCT-1,beta
CGAGGAATCCCTCGAT-1,beta
CGAGGCTCAAGTTCCA-1,beta
CGAGGCTGTTGCCGAC-1,beta
CGAGTGCAGCTCGCAC-1,beta
CGAGTGCAGTCACACT-1,beta
CGAGTGCGTCAAATCC-1,beta
CGAGTGCGTCTACATG-1,beta
CGAGTGCTCTCCATAT-1,beta
CGAGTTAAGAAACCAT-1,beta
CGAGTTAGTCATCCGG-1,beta
CGAGTTATCCTAAACG-1,beta
CGATCGGAGTCTAACC-1,beta
CGATCGGAGTGGGAAA-1,beta
CGATGCGAGAGAGCAA-1,duct
CGATGCGCAATTCTCT-1,endothelial-mesenchymal
CGATGGCCATAGCTGT-1,beta
CGCAGGTAGAAACTAC-1,beta
CGCAGGTCAATGACCT-1,beta
CGCAGGTGTAACCCGC-1,beta
CGCAGGTTCTACAGGT-1,beta
CGCATAAAGCTTCTAG-1,beta
CGCATGGCACCAGCTG-1,beta
CGCATGGTCAGCATTG-1,beta
CGCCAGACAACTTCTT-1,alpha
CGCCAGAGTAGTGTGG-1,beta
CGCCAGAGTCAGCTTA-1,beta
CGCCAGATCACTGAAC-1,beta
CGCCAGATCTGAGGTT-1,beta
CGCCATTCACTTCTCG-1,alpha
CGCCATTGTGGGTTGA-1,delta+epsilon
CGCGTGAAGATTACCC-1,beta
CGCGTGACAGAATCGG-1,beta
CGCGTGAGTAGATTGA-1,beta
CGCGTGATCGATGGAG-1,delta+epsilon
CGCGTGATCTTCACAT-1,beta
CGGAACCCAGAGAGGG-1,beta
CGGAACCCAGATACCT-1,beta
CGGAACCCATGTCAGT-1,endothelial-mesenchymal
CGGAATTGTAATCAAG-1,beta
CGGAATTGTTTGGCTA-1,beta
CGGACACAGGGTACGT-1,alpha
CGGACACGTAATGTGA-1,beta
CGGAGAAAGCACTCAT-1,delta+epsilon
CGGAGAACAAATCGGG-1,beta
CGGAGAAGTACTCCCT-1,beta
CGGGACTAGTGAGGCT-1,beta
CGGGACTCACAGAAGC-1,beta
CGGGACTCATACAGGG-1,beta
CGGGACTCATAGACTC-1,beta
CGGGACTTCGCTTGAA-1,alpha
CGGGCATAGTTCTACG-1,beta
CGGGTCAAGCCATGCC-1,endothelial-mesenchymal
CGGGTCAAGGACAACC-1,beta
CGGGTCACATCGCCTT-1,beta
CGGGTCATCGGCAGTC-1,beta
CGGGTGTAGACTCATC-1,beta
CGGGTGTAGGGTGAAA-1,duct
CGGGTGTGTTAGGGAC-1,beta
CGGGTGTTCAGCACCG-1,beta
CGGTCAGAGTCTTGGT-1,macrophage
CGGTCAGCAGGTTCGC-1,alpha
CGTAAGTAGAATCTAG-1,beta
CGTAAGTAGGTCCAGA-1,beta
CGTAAGTGTATGCTAC-1,beta
CGTAAGTTCCCGAGTG-1,macrophage
CGTAAGTTCGCGTGAC-1,beta
CGTAATGAGCATAGGC-1,endothelial-mesenchymal
CGTAATGCATGGTGGA-1,beta
CGTAATGTCATGACAC-1,beta
CGTAGTAGTGACCTGC-1,alpha
CGTAGTAGTTAATGAG-1,endothelial-mesenchymal
CGTCAAAGTCTCGGAC-1,beta
CGTCCATCATGGGATG-1,beta
CGTCCATTCGACGACC-1,beta
CGTCCATTCTGCGGGT-1,alpha
CGTGAATAGTACAGCG-1,beta
CGTGAATGTCTTCCGT-1,beta
CGTGAATTCTCGCGTT-1,beta
CGTGATATCTTCGACC-1,beta
CGTGCTTTCACTGAAC-1,beta
CGTGTCTCACCTGCTT-1,beta
CGTTAGAAGCTACTAC-1,beta
CGTTAGACATGACGGA-1,alpha
CGTTCTGAGGAGATAG-1,beta
CGTTCTGAGGCACTCC-1,beta
CGTTCTGTCCATAGGT-1,beta
CGTTGGGCAAGAGTAT-1,beta
CGTTGGGGTGACACGA-1,beta
CTAACCCCAAAGCACG-1,macrophage
CTAACCCTCGCTGTCT-1,beta
CTAACTTTCGAGTGGA-1,beta
CTAAGTGTCCCAAGTA-1,beta
CTACAGAGTCAACATC-1,beta
CTACAGATCCGTGTAA-1,beta
CTACATTAGTTAACGA-1,beta
CTACATTGTCCTTGTC-1,beta
CTACCCACATCGGAGA-1,endothelial-mesenchymal
CTACCCAGTCACCGAC-1,beta
CTACCTGAGAAACTAC-1,beta
CTACCTGAGAGAGCAA-1,beta
CTACCTGCAGAATCGG-1,endothelial-mesenchymal
CTACCTGTCTGAGGTT-1,macrophage
CTACGGGAGTCCCTAA-1,beta
CTACGGGGTGTCTAAC-1,delta+epsilon
CTACTATCAAACAGGC-1,beta
CTACTATCACTAACGT-1,beta
CTACTATGTGTCCTAA-1,beta
CTACTATTCCAAGCTA-1,beta
CTAGACAAGACGCAGT-1,beta
CTAGACAAGAGGTCAC-1,beta
CTAGACAAGGGATGTC-1,beta
CTAGACACATATAGCC-1,beta
CTAGACAGTGGATACG-1,alpha
CTAGGTATCTCCCAAC-1,beta
CTATAGGAGAACCCGA-1,beta
CTATAGGAGCATATGA-1,beta
CTATAGGAGCCGATAG-1,beta
CTATCCGAGCGTTAGG-1,beta
CTATCCGAGGCGTCCT-1,beta
CTATCCGAGTCGCTAT-1,beta
CTATCTACAGTAGGAC-1,delta+epsilon
CTCAACCAGTGCAAAT-1,beta
CTCAACCTCGGTCATA-1,beta
CTCAACCTCGTCAGAT-1,beta
CTCAAGAGTACGTGAG-1,alpha
CTCAAGAGTCGGAACA-1,delta+epsilon
CTCAAGAGTCTCCTGT-1,beta
CTCAATTAGCGAGAAA-1,beta
CTCAATTCAAGTGGGT-1,beta
CTCACTGGTCCCTCAT-1,endothelial-mesenchymal
CTCACTGTCGCTTTAT-1,beta
CTCACTGTCTTCCCGA-1,beta
CTCAGGGAGGTCGACA-1,beta
CTCAGGGGTCTTTCTA-1,beta
CTCAGGGGTTTACCAG-1,beta
CTCAGGGTCGCTGACG-1,duct
CTCAGTCAGATTACCC-1,beta
CTCAGTCTCGCGTAGC-1,beta
CTCATCGAGTAAACGT-1,beta
CTCATCGGTTAATGAG-1,beta
CTCATGCAGCAAACAT-1,beta
CTCATGCTCGAGAACG-1,beta
CTCATGCTCTGAATCG-1,beta
CTCATTAAGGCAGTCA-1,beta
CTCATTACAGCTACAT-1,beta
CTCCAACAGTGCGTCC-1,alpha
CTCCAACCATCTCAAG-1,alpha
CTCCAACTCTAGACCA-1,beta
CTCCACACATTGTCGA-1,duct
CTCCACATCTTGTGCC-1,beta
CTCCATGAGTTCCATG-1,beta
CTCCATGCACTTTAGG-1,beta
CTCCATGCAGAGGCAT-1,beta
CTCCATGGTGCCGTAC-1,beta
CTCCCAAAGTCAGGGT-1,beta
CTCCCTCCAAAGGATT-1,beta
CTCCCTCCACTTGAGT-1,beta
CTCCCTCGTATCAGCT-1,beta
CTCCCTCTCGGTGTTA-1,beta
CTCCTTTAGCCTCTGG-1,delta+epsilon
CTCCTTTCAAGGCAAC-1,beta
CTCCTTTGTCAGGTAG-1,beta
CTCGAGGGTCGAACAG-1,beta
CTCGAGGGTTAGGGAC-1,beta
CTCGAGGTCGCGCCAA-1,beta
CTCTCAGAGACGGTCA-1,beta
CTCTCAGCAATCTCGA-1,beta
CTCTCGAAGTCTTCGA-1,beta
CTCTCGACACTAAACC-1,macrophage
CTCTCGATCCCTCTCC-1,beta
CTGAATGAGGTTCTAC-1,beta
CTGAATGCATGGGCAA-1,beta
CTGAGCGAGTGATTCC-1,beta
CTGAGCGGTTGCCGAC-1,beta
CTGAGGCAGTTCGGTT-1,beta
CTGAGGCGTACTCGAT-1,beta
CTGATCCGTCCGTTTC-1,beta
CTGATCCGTTTACTGG-1,alpha
CTGATCCTCAATCCGA-1,gamma
CTGCAGGAGATTACCC-1,beta
CTGCATCAGTTTGAGA-1,beta
CTGCATCCATCGAGCC-1,beta
CTGCATCCATTCATCT-1,beta
CTGCCATAGTACTGTC-1,beta
CTGCCATGTGGACTAG-1,delta+epsilon
CTGCCATGTTTAGTCG-1,beta
CTGCCTAAGCTACTGT-1,beta
CTGCCTACAACCTAAC-1,beta
CTGCCTACATAATGAG-1,gamma
CTGCCTATCATTCCTA-1,gamma
CTGCGAGAGTCTAACC-1,beta
CTGCGAGAGTGGTGAC-1,beta
CTGCTCAAGTTGTAGA-1,beta
CTGCTCAGTGCACAAG-1,alpha
CTGGACGAGGGACTGT-1,beta
CTGGACGCACCTTCGT-1,beta
CTGGACGCACTCAGAT-1,beta
CTGGACGTCACATACG-1,beta
CTGGACGTCTCTGCCA-1,beta
CTGGCAGAGATAGGGA-1,delta+epsilon
CTGGCAGCAATGAAAC-1,beta
CTGGCAGCACGTAACT-1,beta
CTGGCAGCAGCGATTT-1,beta
CTGGCAGCATAGTCAC-1,beta
CTGGCAGTCTGGCCGA-1,beta
CTGTACCAGCCTCAGC-1,beta
CTGTACCTCGGTGAAG-1,beta
CTGTACCTCTCGGGAC-1,beta
CTGTAGATCGGTCGGT-1,beta
CTGTATTAGATCCAAA-1,beta
CTGTATTAGCAAATGT-1,beta
CTGTCGTAGGTGATCG-1,beta
CTGTCGTGTGCTTCAA-1,beta
CTGTCGTTCATAGGCT-1,beta
CTGTCGTTCTCGCGTT-1,beta
CTGTGAAAGCTATCTG-1,beta
CTGTGAAGTGTGTTTG-1,beta
CTGTGGGAGATACCAA-1,gamma
CTGTGGGCATAGTCAC-1,beta
CTGTGGGGTGAAAGTT-1,beta
CTTACCGAGCACTAAA-1,delta+epsilon
CTTACCGAGCCTCTTC-1,beta
CTTACCGAGTGGTGGT-1,beta
CTTAGGACAGCCTTCT-1,beta
CTTAGGAGTAGCTGCC-1,delta+epsilon
CTTCAATAGGCCACCT-1,beta
CTTCAATCAGGGTCTC-1,beta
CTTCCGACAATTGCCA-1,beta
CTTCCGACAGACAAGC-1,beta
CTTCGGTCAACACAGG-1,beta
CTTCGGTGTGCAGTGA-1,beta
CTTCGGTTCCTACAAG-1,endothelial-mesenchymal
CTTCTAAAGCCGATTT-1,beta
CTTCTCTAGTAAAGCT-1,beta
CTTCTCTCATGTAACC-1,delta+epsilon
CTTCTCTGTCGTTCAA-1,beta
CTTCTCTGTGGGTATG-1,alpha
CTTCTCTTCCCGGTAG-1,beta
CTTGAGAAGAATCTAG-1,beta
CTTGAGAAGTCGGCCT-1,beta
CTTGAGACAAGATCCT-1,beta
CTTGAGACATCGATGT-1,macrophage
CTTGAGATCTTGCAAG-1,beta
CTTGATTCAACGATCT-1,beta
CTTTCAAGTCAGTCCG-1,beta
CTTTCAATCCGAGAAG-1,beta
CTTTCAATCTGGCCGA-1,beta
GAAACCTCACAGGATG-1,beta
GAAATGAAGACTCCGC-1,beta
GAAATGAAGATACTGA-1,delta+epsilon
GAAATGAAGTTGTAGA-1,beta
GAAATGACAGGCGATA-1,beta
GAAATGATCCCAACTC-1,alpha
GAACGTTCAACCGCCA-1,beta
GAACGTTCAATAGTAG-1,beta
GAACGTTTCACGGGAA-1,beta
GAACGTTTCGTCTACC-1,beta
GAACTGTCAGATCATC-1,delta+epsilon
GAACTGTGTAAGTCAA-1,beta
GAACTGTTCTCTCCGA-1,beta
GAAGAATCAGATTAAG-1,beta
GAAGCCCAGGATTTGA-1,delta+epsilon
GAAGCCCCACAGTCAT-1,beta
GAAGCGAGTTTACTGG-1,beta
GAAGCGATCCTCAGAA-1,beta
GAAGCGATCCTTGACC-1,beta
GAAGGACAGACATAAC-1,beta
GAAGGACCACCTATCC-1,beta
GAAGGACTCTGCATAG-1,endothelial-mesenchymal
GAAGGGTTCTATCGTT-1,beta
GAATAGAAGATGAACT-1,beta
GAATAGAAGATTGAGT-1,delta+epsilon
GAATAGAGTAGTCTTG-1,beta
GAATAGAGTTGTCATG-1,macrophage
GAATCACCACAGTATC-1,beta
GAATCACCACCGCTAG-1,alpha
GAATCACTCCTCACTG-1,beta
GAATCGTCACCTGCAG-1,beta
GAATCGTTCTTGATTC-1,gamma
GACACGCTCCATCACC-1,beta
GACAGCCAGAAACTCA-1,beta
GACAGCCGTATACGGG-1,beta
GACAGCCGTGCATGAG-1,alpha
GACAGCCGTTACAGCT-1,beta
GACAGCCGTTGGGCCT-1,beta
GACATCATCGCTACAA-1,beta
GACCAATAGAAAGCGA-1,beta
GACCGTGAGACCCTTA-1,delta+epsilon
GACCGTGAGTAATCCC-1,beta
GACCGTGGTCTTGAAC-1,duct
GACCTTCAGAACAGGA-1,beta
GACCTTCGTTCTCCTG-1,beta
GACGCTGAGTACGTCT-1,endothelial-mesenchymal
GACGCTGGTCTCCCTA-1,beta
GACGTTAAGCACTGGA-1,beta
GACGTTAAGCGCATCC-1,delta+epsilon
GACGTTAAGCTCGTGC-1,beta
GACGTTAGTAGGATAT-1,alpha
GACGTTAGTTGGATCT-1,beta
GACTATGAGCCATCCG-1,beta
GACTATGGTCGAAGCA-1,beta
GACTATGTCGCCAGAC-1,macrophage
GACTCTCCAATAGAGT-1,macrophage
GACTCTCGTATCCCAA-1,beta
GACTCTCTCGGTCGGT-1,beta
GACTGATAGCACGTCC-1,beta
GACTGATAGTTAACAG-1,beta
GACTGATCACAGTGAG-1,beta
GACTGATGTAAGTCAA-1,alpha
GACTGATGTTGACGGA-1,delta+epsilon
GACTTCCCATCCAATG-1,beta
GACTTCCCATCCGAAT-1,beta
GAGAAATCATGACGGA-1,beta
GAGACCCGTTCGGCCA-1,beta
GAGACCCGTTGGGACA-1,beta
GAGACTTTCCATTGTT-1,beta
GAGACTTTCCTTCTTC-1,beta
GAGAGGTCAACTCATG-1,endothelial-mesenchymal
GAGAGGTCATGAGTAA-1,endothelial-mesenchymal
GAGATGGCAAGTACCT-1,duct
GAGATGGCATCGTCCT-1,beta
GAGATGGGTGCCTTTC-1,beta
GAGCCTGAGGATTCAA-1,beta
GAGCCTGCACAGCTTA-1,beta
GAGCCTGCATACTGAC-1,beta
GAGCCTGGTAGGTAGC-1,delta+epsilon
GAGCCTGGTTTACGAC-1,beta
GAGCCTGTCATGCTAG-1,beta
GAGCCTGTCCTTACCG-1,beta
GAGCTGCCACATACGT-1,alpha
GAGCTGCGTTACGATC-1,beta
GAGGCAAAGCTACTAC-1,beta
GAGGCAACAGTTTGGT-1,beta
GAGGCAAGTCGACTGC-1,beta
GAGGCCTGTGGTCTGC-1,beta
GAGGCCTTCCCTTGTG-1,beta
GAGGCCTTCGGTCACG-1,beta
GAGGGATCAGAGTCAG-1,beta
GAGGGTAAGAGCATAT-1,endothelial-mesenchymal
GAGTCATGTCATAGTC-1,beta
GAGTCTACAACCAATC-1,beta
GAGTCTAGTCAGGTGA-1,delta+epsilon
GAGTCTAGTGTTGACT-1,beta
GAGTCTATCAGTGGGA-1,beta
GAGTGAGCACAAGCCC-1,beta
GAGTGAGCATCCTAAG-1,macrophage
GAGTGAGGTGCAGGAT-1,beta
GAGTGTTGTAACATGA-1,beta
GAGTGTTGTCTCCTGT-1,beta
GAGTTACTCCGCATAA-1,beta
GAGTTGTAGCCACAAG-1,beta
GAGTTGTAGGTGCATG-1,macrophage
GAGTTGTGTTAGCTAC-1,beta
GAGTTGTTCTAACACG-1,beta
GAGTTTGTCCTAACAG-1,endothelial-mesenchymal
GATAGAAAGTAGGTTA-1,beta
GATAGAAAGTCCGTCG-1,beta
GATAGAACACTGAATC-1,beta
GATAGAACACTTTATC-1,beta
GATAGAACATACTGAC-1,macrophage
GATAGAACATGACTAC-1,beta
GATCACAAGGCACTCC-1,beta
GATCACACATGTAACC-1,beta
GATCACATCCGATGCG-1,beta
GATCACATCTAGACCA-1,beta
GATCAGTAGATGCAGC-1,beta
GATCAGTAGCTCGGCT-1,beta
GATCAGTGTCCTGGGT-1,beta
GATCATGAGACGACGT-1,beta
GATCATGAGCTGTACT-1,beta
GATCATGAGGACACTG-1,beta
GATCCCTCAATAGTGA-1,beta
GATCCCTCATACAGGG-1,beta
GATCGTAGTATCGTAC-1,delta+epsilon
GATCGTAGTCTACAGT-1,beta
GATCGTATCCGTGTAA-1,alpha
GATGACTAGATAACGT-1,beta
GATGACTCACTCCTTG-1,beta
GATGACTCACTTACAG-1,delta+epsilon
GATGAGGAGATTAGTG-1,beta
GATGATCAGCATGAAT-1,beta
GATGATCCATCTCATT-1,beta
GATGCTACAAGTTGGG-1,beta
GATGCTAGTGGTATGG-1,beta
GATGTTGAGTGGAATT-1,beta
GATGTTGCAAGAGTTA-1,beta
GATGTTGGTAGCTAAA-1,delta+epsilon
GATGTTGTCAGCATTG-1,endothelial-mesenchymal
GATTCGAAGGCCTTCG-1,beta
GATTCGAAGGCGTTAG-1,beta
GATTCTTAGACCAGCA-1,beta
GATTGGTAGGATTTGA-1,beta
GATTGGTTCTAGGAAA-1,beta
GATTTCTCATATAGCC-1,beta
GATTTCTTCCGCTAGG-1,beta
GCAACATCACGCGCAT-1,beta
GCAACATCAGAATTCC-1,beta
GCAACATTCTCATTTG-1,beta
GCAACCGTCTTCGATT-1,beta
GCACATAAGGTCATTC-1,beta
GCACATAAGTGCCGAA-1,beta
GCACATACAGCTTCCT-1,beta
GCACATAGTCTCTCAC-1,beta
GCACATATCCTGTTGC-1,beta
GCACATATCGACATAC-1,beta
GCACGGTAGCGCTGCT-1,alpha
GCACGGTGTTTCGACA-1,beta
GCACGTGGTATGGGAC-1,beta
GCACTAAAGGCTTAAA-1,beta
GCACTAAGTTTCTATC-1,beta
GCACTAATCAAAGCCT-1,beta
GCAGCCAAGGCAGGTT-1,beta
GCAGCCAAGGGTAGCT-1,beta
GCAGCCACAAAGTGTA-1,beta
GCAGCCAGTATGACAA-1,beta
GCAGCCATCGACCATA-1,gamma
GCAGCTGTCGACCTAA-1,beta
GCAGGCTGTGTGGACA-1,beta
GCAGTTAGTTCCCAAA-1,beta
GCAGTTATCGTCAGAT-1,beta
GCATCGGCATATCTCT-1,beta
GCATCGGTCCAACCGG-1,beta
GCATCTCAGAGTCACG-1,beta
GCATCTCGTATTGACC-1,beta
GCATCTCGTGTATTCG-1,beta
GCATGATGTTTACTGG-1,beta
GCATTAGCACTGATTG-1,beta
GCATTAGCATAGACTC-1,beta
GCCAACGAGAGGTATT-1,beta
GCCAACGCAAGTTCGT-1,beta
GCCAGCACACACCTTC-1,beta
GCCAGCACAGGCGATA-1,macrophage
GCCAGGTCAGGAAGTC-1,beta
GCCAGTGGTCATCGGC-1,beta
GCCATGGTCATGAGAA-1,beta
GCCATTCAGGAAAGTG-1,beta
GCCATTCAGGTATTGA-1,beta
GCCCAGACACGTGAGA-1,beta
GCCCAGACACTGAGGA-1,beta
GCCCGAAGTTACAGCT-1,beta
GCCCGAATCACATCAG-1,beta
GCCGATGAGTCACGAG-1,beta
GCCGATGGTTCCAAAC-1,beta
GCCGATGTCACTCCGT-1,beta
GCCGTGAGTGAGCCAA-1,beta
GCCTGTTAGGATTCAA-1,beta
GCGAGAAAGGACATCG-1,beta
GCGAGAAAGGCTTTCA-1,gamma
GCGAGAACAGCCCACA-1,beta
GCGAGAAGTTTCACAG-1,beta
GCGAGAATCAAACCCA-1,beta
GCGAGAATCAAGTCTG-1,beta
GCGATCGCAGCTGTCG-1,beta
GCGGAAAGTTGTCCCT-1,beta
GCGGATCAGGTAGTAT-1,duct
GCGGATCGTAGCTGCC-1,duct
GCGGATCGTGTTCGTA-1,beta
GCGGATCTCAGACTGT-1,beta
GCGTTTCGTGCATGTT-1,beta
GCTACAAGTGGTTCTA-1,beta
GCTACAAGTTGTTGAC-1,beta
GCTACAATCACCACAA-1,beta
GCTACCTCACAATCTG-1,beta
GCTACCTCAGGCAATG-1,delta+epsilon
GCTCAAACACCAGCGT-1,beta
GCTGAATAGTGGAAAG-1,beta
GCTGCAGAGGAGCTGT-1,beta
GCTGCAGTCATCGGGC-1,beta
GCTGGGTAGAGCCCAA-1,beta
GCTGGGTAGCATTTCG-1,beta
GCTGGGTTCATGCTAG-1,beta
GCTTCACCACACTTAG-1,beta
GCTTCACGTCTAGGCC-1,beta
GCTTGGGGTGGAAGTC-1,beta
GCTTTCGAGCGGTAGT-1,beta
GCTTTCGTCTCTCGCA-1,alpha
GCTTTCGTCTGCGGCA-1,beta
GGAACCCAGCGATGCA-1,beta
GGAACCCGTCGTGGTC-1,beta
GGAACCCTCCGACAGC-1,beta
GGAACCCTCGAATCCA-1,beta
GGAAGTGGTACTGGGA-1,beta
GGAAGTGGTGAGACCA-1,beta
GGAAGTGTCATACGAC-1,beta
GGAATCTAGAATCGTA-1,beta
GGAATCTAGCAATAGT-1,endothelial-mesenchymal
GGAATCTCAAGGGCAT-1,beta
GGAATGGCACTATGTG-1,beta
GGAATGGGTACTCAAC-1,beta
GGAATGGTCTGCGGGT-1,beta
GGACGTCCAACCCGCA-1,beta
GGAGATGAGCGATGCA-1,delta+epsilon
GGAGATGTCCCTCTAG-1,duct
GGAGCAAAGTGTGTTC-1,beta
GGAGCAACAGCGAGTA-1,alpha
GGAGCAACAGTCAACT-1,beta
GGAGGATAGTAGTCTC-1,beta
GGAGGATGTATACCCA-1,beta
GGAGGTAGTAACGGTG-1,beta
GGAGGTATCCATGCAA-1,beta
GGAGGTATCTGCTTTA-1,alpha
GGATCTAAGGCTATCT-1,beta
GGATCTACAACCGGAA-1,beta
GGATCTAGTATGAGCG-1,beta
GGATCTAGTTTGGAGG-1,beta
GGATCTATCTGTACAG-1,beta
GGATCTATCTTCCACG-1,beta
GGCACGTAGGTGTGAC-1,beta
GGCACGTCAACCTAAC-1,beta
GGCACGTTCATGGGAG-1,beta
GGCACGTTCCTGCCAT-1,beta
GGCAGTCAGAATCGAT-1,beta
GGCAGTCAGCGCTGCT-1,beta
GGCAGTCGTATATGGA-1,beta
GGCGTCAAGATGTAGT-1,beta
GGCTGTGAGGTTTGAA-1,beta
GGCTGTGGTATCGAAA-1,beta
GGCTGTGGTCATTCCC-1,beta
GGCTGTGTCGTCTACC-1,beta
GGCTTGGAGACTTAAG-1,beta
GGCTTGGAGGGAGGTG-1,beta
GGCTTGGCACGTATAC-1,beta
GGCTTGGTCGCTGCGA-1,beta
GGCTTTCAGCGTTAGG-1,beta
GGCTTTCAGTTCGGTT-1,beta
GGCTTTCCAGACATCT-1,beta
GGCTTTCCAGTAGTGG-1,beta
GGCTTTCGTAATCAGA-1,beta
GGGAAGTCAATCTGCA-1,beta
GGGACCTCACAGGATG-1,beta
GGGACTCAGCTCGTGC-1,delta+epsilon
GGGACTCAGTTGCTCA-1,beta
GGGACTCGTCGACTTA-1,beta
GGGACTCTCGTGAGAG-1,beta
GGGAGATCAAACGTGG-1,delta+epsilon
GGGAGTAAGCTCGTGC-1,beta
GGGAGTAGTTGTGTAC-1,beta
GGGAGTATCAGTCAGT-1,beta
GGGATCCCACAATGAA-1,beta
GGGATGAAGTGCAGCA-1,beta
GGGATGACAGCTACAT-1,beta
GGGATGAGTCGAATGG-1,beta
GGGCCATAGGGACCAT-1,beta
GGGCCATGTCAACATC-1,beta
GGGCGTTCAACTGGTT-1,beta
GGGCGTTCAAGACCGA-1,beta
GGGCTACAGGAGCTGT-1,beta
GGGCTCAAGAAAGTCT-1,beta
GGGCTCAAGAGGACTC-1,beta
GGGCTCAGTTCTCACC-1,beta
GGGCTCATCCGAGGCT-1,beta
GGGTAGACAGCGTGCT-1,beta
GGGTAGACATCGAAGG-1,alpha
GGGTATTAGCTCGACC-1,beta
GGGTATTAGGAAAGAC-1,beta
GGGTATTCAAGAGTTA-1,beta
GGGTCACAGTTTGTCG-1,beta
GGGTCACCATCCGCGA-1,beta
GGGTCACGTCTAGGCC-1,beta
GGGTCACGTTTCGTAG-1,beta
GGGTCTGAGGTCTTTG-1,gamma
GGGTGAAGTGTTTGCA-1,beta
GGGTGAATCGGTCAGC-1,beta
GGGTGTCCAAGAGGCT-1,beta
GGGTGTCGTATGAGGC-1,beta
GGGTGTCGTGAATGAT-1,beta
GGGTGTCTCACAATGC-1,beta
GGGTTATGTCCCTGTT-1,beta
GGGTTATTCTGTCGTC-1,beta
GGGTTTAAGAACAGGA-1,beta
GGGTTTATCCGATGCG-1,beta
GGGTTTATCTTCGACC-1,beta
GGTAATCCATTCAGGT-1,beta
GGTAATCGTAGCTGAG-1,beta
GGTAATCTCGCCAATA-1,macrophage
GGTCACGAGTCGAATA-1,beta
GGTCACGGTATGACAA-1,beta
GGTCACGTCCACTTCG-1,beta
GGTCTGGCAGTGAGCA-1,beta
GGTCTGGGTTAGGAGC-1,beta
GGTCTGGTCCGCTAGG-1,beta
GGTGATTAGTCCCGGT-1,beta
GGTGATTTCTGGTCAA-1,beta
GGTGTCGCATCCCGTT-1,endothelial-mesenchymal
GGTGTTAAGTGGACGT-1,beta
GGTGTTAGTTCTTCAT-1,beta
GGTTAACCACGAAGAC-1,beta
GGTTAACCACGCAAAG-1,beta
GGTTAACCAGCTGTTA-1,alpha
GGTTAACGTCCTTTGC-1,beta
GGTTAACTCAGCATTG-1,beta
GGTTAACTCGAGCCAC-1,beta
GGTTCTCAGTATTAGG-1,beta
GGTTCTCCAGTAGAGC-1,beta
GGTTGTAAGAATAGTC-1,beta
GGTTGTAAGCCGATAG-1,beta
GTAACACAGAAGTGTT-1,beta
GTAACACAGCACTTTG-1,alpha
GTAACACCAAATGATG-1,beta
GTAACCAAGTCCCGGT-1,beta
GTAACCACAAGACGAC-1,beta
GTAACCACAGCATTGT-1,beta
GTAACCAGTTGATGTC-1,alpha
GTAACCATCCCGGTAG-1,delta+epsilon
GTAAGTCTCGGTAACT-1,beta
GTAATCGAGAGATCGC-1,delta+epsilon
GTAATCGTCCTCACCA-1,beta
GTAATGCCACCGGCTA-1,beta
GTACAACAGTGAATAC-1,beta
GTACAACCAGATCATC-1,beta
GTACAACGTTATCCAG-1,beta
GTACAACTCTCACCCA-1,beta
GTACAGTAGAGATCGC-1,beta
GTACAGTTCGATACGT-1,endothelial-mesenchymal
GTAGAAACAAACTAAG-1,beta
GTAGAGGAGCGCTTCG-1,alpha
GTAGAGGAGGCTGAAC-1,beta
GTAGAGGTCAGCGCAC-1,beta
GTAGATCAGCGTTCAT-1,beta
GTAGATCGTGCCGGTT-1,beta
GTAGATCGTTAGAGAT-1,beta
GTAGCTAAGCGATGAC-1,beta
GTAGCTAAGTCATACC-1,beta
GTAGCTATCCACGTCT-1,beta
GTAGCTATCGGAATGG-1,beta
GTAGGTTAGTTCTACG-1,beta
GTAGGTTGTGATACAA-1,beta
GTAGTACAGCCGATCC-1,beta
GTAGTACCAAACGGCA-1,beta
GTAGTACGTGCGGATA-1,beta
GTATTGGAGGGAGTGG-1,beta
GTATTGGCATCAGCTA-1,beta
GTATTTCCAGACGCTC-1,beta
GTATTTCCATACTTTC-1,beta
GTATTTCTCTAGTTCT-1,beta
GTCAAACAGACCTGGA-1,beta
GTCAAACCATGTTCAG-1,endothelial-mesenchymal
GTCAAGTGTGGACCAA-1,beta
GTCACGGAGCACTAGG-1,beta
GTCACGGGTTAATCGC-1,beta
GTCACGGTCAGCATTG-1,alpha
GTCACTCAGTCTTCGA-1,beta
GTCACTCCAGGCGAAT-1,alpha
GTCACTCGTCACCTTC-1,delta+epsilon
GTCACTCGTCCCAAAT-1,delta+epsilon
GTCACTCGTTACCCTC-1,delta+epsilon
GTCAGCGTCTCGAACA-1,beta
GTCATCCCAGTGGCTC-1,beta
GTCATCCGTGTAACGG-1,beta
GTCATGATCGTGGCTG-1,beta
GTCATTTCACTGTGAT-1,alpha
GTCCACTAGATAGTGT-1,beta
GTCCACTAGATGGTCG-1,beta
GTCCACTAGCACTAAA-1,beta
GTCCACTTCTTTGGAG-1,beta
GTCCCATAGATCACTC-1,beta
GTCCTCAAGTTACTCG-1,beta
GTCCTCAGTCTGCATA-1,delta+epsilon
GTCCTCAGTTTGTTGG-1,beta
GTCCTCATCTTGGCTC-1,beta
GTCGAATCAAGCAATA-1,beta
GTCGAATGTCTACGAT-1,beta
GTCGAATGTTCAAGGG-1,delta+epsilon
GTCGAATTCCACCCTA-1,alpha
GTCGAATTCGGTGTAT-1,beta
GTCGAATTCGTGCGAC-1,beta
GTCGCGATCTAATTCC-1,macrophage
GTCGTAACAACACTAC-1,beta
GTCGTAACAAGCGAAC-1,beta
GTCGTAAGTATACCTG-1,delta+epsilon
GTCGTAAGTGCGACAA-1,beta
GTCGTTCAGCCGAATG-1,beta
GTCGTTCAGTCCTGTA-1,beta
GTCGTTCGTAGGTAGC-1,alpha
GTCGTTCTCTCTCGCA-1,beta
GTCTACCTCACGTCCT-1,beta
GTCTACCTCCGGACTG-1,beta
GTCTAGAAGAGCAGAA-1,alpha
GTCTAGAAGCCATATC-1,beta
GTCTCACAGGGAGTGG-1,endothelial-mesenchymal
GTCTCACCAGCTTCGG-1,beta
GTCTGTCGTAAGGCCA-1,beta
GTCTGTCGTTCACGAT-1,beta
GTCTGTCTCAGTCCGG-1,beta
GTCTTTAAGACGCAGT-1,beta
GTCTTTAAGGAGACCT-1,beta
GTCTTTACAGACGGAT-1,beta
GTCTTTACATGACACT-1,beta
GTCTTTAGTGCTAGCC-1,beta
GTCTTTATCGATAACC-1,gamma
GTGACGCAGGGCGAAG-1,beta
GTGACGCAGGTGGCTA-1,gamma
GTGACGCGTTTCGGCG-1,beta
GTGAGGAAGGATATGT-1,beta
GTGAGGAGTCCACAGC-1,beta
GTGAGGATCCCATTTA-1,beta
GTGAGTTCAATGAGCG-1,beta
GTGAGTTCATCGGAGA-1,beta
GTGAGTTTCCTCTAAT-1,beta
GTGAGTTTCGACGCGT-1,beta
GTGATGTTCGTGGGTC-1,beta
GTGCACGAGGACTTCT-1,beta
GTGCACGCACGGATCC-1,beta
GTGCACGTCGCTAGCG-1,beta
GTGCAGCCAACTGCTA-1,beta
GTGCAGCCACCTGAAT-1,beta
GTGCAGCTCTGTGCGG-1,endothelial-mesenchymal
GTGCGTGCAAGGCCTC-1,beta
GTGCGTGGTTTATGCG-1,beta
GTGCGTGTCGTCAGAT-1,beta
GTGCTGGAGGATTCCT-1,beta
GTGCTGGAGTAGCATA-1,delta+epsilon
GTGCTTCTCTTTCGAT-1,beta
GTGGAAGCAGAACTTC-1,beta
GTGGAGAGTAGACGGT-1,beta
GTGGAGATCGCTTGAA-1,alpha
GTGGCGTCAAGGGTCA-1,beta
GTGGCGTTCTGCATAG-1,delta+epsilon
GTGGGAAAGCTGGCCT-1,beta
GTGGGAACAAATTGGA-1,beta
GTGGGAACATATTCGG-1,beta
GTGGGAATCGAGCACC-1,gamma
GTGGTTAAGAAATTCG-1,beta
GTGTAACGTTGACTGT-1,delta+epsilon
GTGTCCTAGCGATCGA-1,beta
GTGTCCTCACGTTGGC-1,beta
GTGTCCTCAGGCCCTA-1,beta
GTGTCCTGTACAAACA-1,beta
GTGTGGCGTACGTGTT-1,beta
GTGTGGCGTCCTACGG-1,beta
GTGTGGCGTTATGGTC-1,beta
GTGTTAGCAGAAGCTG-1,beta
GTGTTAGCATACAGCT-1,beta
GTGTTAGTCATTCATC-1,beta
GTGTTCCTCCACATAG-1,beta
GTTACAGAGTTGTACC-1,beta
GTTACAGGTAGTTCCA-1,beta
GTTACAGTCAACTACG-1,beta
GTTACCCCATTGTAGC-1,beta
GTTACCCGTTCGGTTA-1,beta
GTTACGAAGTAACAGT-1,beta
GTTAGACAGCAGCACA-1,beta
GTTAGACAGGCTAAAT-1,beta
GTTAGTGAGTTGCTGT-1,gamma
GTTAGTGCATAGGAGC-1,beta
GTTAGTGGTGGACAGT-1,beta
GTTAGTGGTGGGTCAA-1,duct
GTTAGTGGTTGCAACT-1,beta
GTTAGTGTCCGTATGA-1,beta
GTTATGGTCCTTCTTC-1,beta
GTTATGGTCGTCCTTG-1,beta
GTTCATTGTACAAGCG-1,beta
GTTCATTTCGCCGAGT-1,beta
GTTCCGTCAAACCACT-1,beta
GTTGAACGTCCACACG-1,alpha
GTTGAACGTCTGCAAT-1,beta
GTTGCGGGTCGTGTTA-1,gamma
GTTGCTCCAGGTTCCG-1,beta
GTTGTAGAGCATCCTA-1,beta
GTTGTAGCAGTTCACA-1,beta
GTTGTCCAGCCTCTGG-1,beta
GTTGTCCGTCAACCAT-1,delta+epsilon
GTTGTGAAGTCACTGT-1,beta
GTTGTGATCTGCACCT-1,beta
GTTTGGAAGCGTGCTC-1,alpha
GTTTGGAAGGTCTTTG-1,delta+epsilon
GTTTGGACAGATGCGA-1,beta
GTTTGGATCGGCTGGT-1,beta
TAACCAGAGGTAGGCT-1,beta
TAACCAGAGTAAATGC-1,beta
TAACCAGAGTAGCCAG-1,beta
TAACCAGGTGCTCTTC-1,beta
TAACCAGTCGAGGCAA-1,beta
TAACGACGTAAGAACT-1,beta
TAACGACGTTGAAGTA-1,endothelial-mesenchymal
TAACTTCAGTCCCAGC-1,beta
TAACTTCAGTGAACAT-1,beta
TAAGCACAGACCACGA-1,beta
TAAGCACGTGTCCAAT-1,beta
TAAGCACGTGTCCGTG-1,beta
TAAGCCACAGAGATGC-1,endothelial-mesenchymal
TAAGCCAGTCATAACC-1,beta
TAAGCCATCCCTGGTT-1,beta
TAAGCCATCGATGGAG-1,beta
TAAGCGTAGACGGTCA-1,alpha
TAAGCGTAGCACCCAC-1,beta
TAAGCGTAGTATGACA-1,beta
TAAGCGTCATTCTCCG-1,beta
TAAGTCGCAAAGCTAA-1,beta
TAAGTCGTCCGACATA-1,beta
TAATCTCCAGCGAGTA-1,endothelial-mesenchymal
TAATCTCGTACAGAAT-1,beta
TAATTCCCAGGCGATA-1,beta
TAATTCCTCTCTGAGA-1,beta
TACAACGGTGGCTACC-1,alpha
TACAACGTCCTGGGTG-1,beta
TACAACGTCTGCGATA-1,beta
TACAACGTCTGGACCG-1,beta
TACACCCCAACTGCTA-1,beta
TACACCCGTATCAGGG-1,macrophage
TACACCCGTTGCATTG-1,beta
TACACCCTCACGATAC-1,beta
TACAGGTCAGCGTGCT-1,beta
TACAGGTTCCCGTAAA-1,beta
TACATTCCAGAGTTGG-1,beta
TACATTCGTACAGTCT-1,beta
TACATTCGTGTTATCG-1,beta
TACATTCTCTTCTGGC-1,alpha
TACCCACAGCGCGTTC-1,beta
TACCCGTTCTGGGAGA-1,beta
TACCGAAAGAAGTCTA-1,beta
TACCGAAAGACGCAGT-1,beta
TACCGAACATTACTCT-1,beta
TACCGGGAGCTCACTA-1,beta
TACCGGGCAGAGGTAC-1,beta
TACCGGGGTCCCTGTT-1,beta
TACCGGGGTGATACAA-1,beta
TACCGGGTCCACGGAC-1,beta
TACCTCGAGTAGTCTC-1,beta
TACCTCGCACTAGGTT-1,beta
TACCTCGTCATTTGTC-1,beta
TACCTGCAGACCTCAT-1,beta
TACCTGCCAGATCCAT-1,delta+epsilon
TACCTGCGTTGTTGCA-1,beta
TACCTGCTCCTTGAAG-1,beta
TACGGGCCATCCTTCG-1,endothelial-mesenchymal
TACGGGCTCATTGAGC-1,beta
TACGGTACAAGCGAAC-1,endothelial-mesenchymal
TACGGTAGTTTAGTCG-1,beta
TACGTCCCATGGGAAC-1,beta
TACGTCCTCCGCAGTG-1,beta
TACGTCCTCGCGATCG-1,beta
TACTGCCAGCATGGGT-1,beta
TACTGCCCAGACCATT-1,beta
TACTGCCGTTGCGAAG-1,beta
TACTGCCTCCCGAAAT-1,beta
TACTGCCTCCGATGTA-1,beta
TACTTACGTAGGGTAC-1,beta
TACTTACGTTGTGTAC-1,beta
TACTTACTCACCGGGT-1,alpha
TACTTCATCCTTCTGG-1,beta
TACTTGTTCACCACAA-1,beta
TACTTGTTCGTAACAC-1,beta
TAGACCAAGATCGCTT-1,beta
TAGACCAAGCGCAATG-1,beta
TAGACCAGTCTTTCTA-1,beta
TAGACCAGTGAGTGAC-1,beta
TAGACTGCAATACGAA-1,beta
TAGAGTCCAACGACAG-1,beta
TAGATCGGTGGGCTTC-1,duct
TAGCACAGTATAGCTC-1,beta
TAGCACAGTATCGAGG-1,beta
TAGGAGGCAATGAACA-1,delta+epsilon
TAGGAGGCAGAGTGAC-1,beta
TAGGAGGGTTGCAAGG-1,beta
TAGGGTTCAGAGTGTG-1,beta
TAGGTTGGTATGTGTC-1,alpha
TAGGTTGTCGCTTAAG-1,beta
TAGTGCACACACACGC-1,beta
TATCAGGAGTATGGCG-1,beta
TATCAGGCAAAGGATT-1,endothelial-mesenchymal
TATCAGGTCGCTCCTA-1,beta
TATCGCCGTTGATCGT-1,beta
TATCGCCGTTGCTCAA-1,beta
TATCGCCGTTGTCAGT-1,beta
TATCTGTAGTTCCATG-1,beta
TATCTTGTCACGTCCT-1,beta
TATGTTCTCTAGTGAC-1,alpha
TATTGCTCAGCGTGAA-1,beta
TATTGCTTCAACACGT-1,macrophage
TATTGCTTCATTATCC-1,beta
TATTGCTTCGCTATTT-1,beta
TATTGGGAGATTAGAC-1,beta
TATTGGGAGCGACTGA-1,gamma
TATTGGGGTACAATAG-1,beta
TATTTCGAGTAGTGCG-1,beta
TATTTCGCACTCTGCT-1,gamma
TATTTCGGTTAAAGTG-1,beta
TATTTCGTCTCCGTGT-1,beta
TATTTCGTCTGGGCAC-1,beta
TCAAGACAGATAACGT-1,endothelial-mesenchymal
TCAAGACCACCATTCC-1,beta
TCAAGACGTGCCCGTA-1,beta
TCAAGACTCCTCTTTC-1,beta
TCAAGCAGTACGACTT-1,beta
TCAAGCAGTGGTTTAC-1,beta
TCAAGCATCCTACCAC-1,beta
TCAAGCATCGCGAAGA-1,beta
TCAATCTAGGAAAGTG-1,alpha
TCAATCTCACTGTTCC-1,beta
TCAATCTCATTCAGCA-1,alpha
TCAATTCCAGACACCC-1,beta
TCAATTCTCCCTCTTT-1,beta
TCACAAGTCCAGTACA-1,beta
TCACACCAGACGGATC-1,beta
TCACACCCAGGAAGTC-1,beta
TCACATTAGGATGTTA-1,beta
TCACATTGTGAACTAA-1,gamma
TCACGCTAGGAATTAC-1,beta
TCACGCTGTCCTGTTC-1,alpha
TCACGCTGTGCCGTTG-1,beta
TCACGGGAGGCCTGCT-1,beta
TCACGGGGTTACAGCT-1,endothelial-mesenchymal
TCACGGGTCTGCGATA-1,beta
TCACTATGTACTAGCT-1,beta
TCACTATTCGCCAACG-1,beta
TCACTATTCTAAACGC-1,delta+epsilon
TCACTATTCTTCCCAG-1,beta
TCACTCGCATGACTTG-1,alpha
TCACTCGTCCGTCAAA-1,alpha
TCACTCGTCCTCATAT-1,beta
TCAGCAACAGGTGGAT-1,gamma
TCAGCAATCCCTATTA-1,beta
TCAGCAATCTCGGTAA-1,beta
TCAGCCTGTGACTAAA-1,beta
TCAGCCTGTGACTCTA-1,beta
TCAGCCTTCAAGAATG-1,beta
TCAGGTATCGACCATA-1,beta
TCAGTCCAGATTTGCC-1,beta
TCAGTCCCAGTCGCAC-1,duct
TCAGTGAGTACGTAGG-1,beta
TCAGTGAGTACTCGAT-1,beta
TCAGTGATCGCCTAGG-1,beta
TCAGTTTAGTCCTACA-1,beta
TCAGTTTCACGCTATA-1,beta
TCAGTTTGTTGGGATG-1,beta
TCAGTTTTCTCCCTAG-1,beta
TCATACTCACCGTGAC-1,beta
TCATCATAGGCTAGCA-1,beta
TCATCATGTTCAAGGG-1,beta
TCATCCGAGTGGTTCT-1,beta
TCATCCGGTGATAGTA-1,alpha
TCATCCGTCCATTGGA-1,beta
TCATCCGTCTTGCAGA-1,beta
TCATGAGCACGTACAT-1,beta
TCATGCCCAGTCGCAC-1,endothelial-mesenchymal
TCATGCCTCACAATGC-1,beta
TCATGCCTCTAGTCAG-1,endothelial-mesenchymal
TCATGTTAGACGATAT-1,beta
TCATGTTTCTCGGCTT-1,gamma
TCATTACCAGCTACCG-1,delta+epsilon
TCATTCACAACACAGG-1,beta
TCATTGTAGCCATTTG-1,gamma
TCATTGTAGTACGAGC-1,beta
TCATTGTGTATCGGTT-1,beta
TCATTGTTCCTTCTAA-1,alpha
TCATTTGAGAGGGTAA-1,beta
TCATTTGTCGAATGCT-1,duct
TCCACCATCGGCTGAC-1,beta
TCCACGTAGCGAGGAG-1,beta
TCCACGTGTCTTAGTG-1,beta
TCCAGAACAGCTATTG-1,beta
TCCAGAATCCAGCACG-1,beta
TCCATCGAGGACTTCT-1,beta
TCCATCGGTGGTCTTA-1,beta
TCCATCGTCGCGTTTC-1,beta
TCCATGCCACCCAATA-1,beta
TCCATGCTCCCTTGGT-1,beta
TCCCACATCGTAGCCG-1,beta
TCCCAGTAGGCACTCC-1,beta
TCCCAGTCAACTCCCT-1,beta
TCCGAAAAGCGACTAG-1,beta
TCCGAAAAGGATTCAA-1,beta
TCCGAAAGTGTCCTAA-1,beta
TCCGATCTCCATGCAA-1,beta
TCCGGGAAGACTAAGT-1,gamma
TCCGTGTGTTCAAGTC-1,beta
TCCTAATCACCATTCC-1,alpha
TCCTAATGTGCTGTCG-1,beta
TCCTAATTCTGTTGGA-1,beta
TCCTCCCAGTTCCGGC-1,beta
TCCTCCCTCAAGGAGC-1,beta
TCCTCGACATATGGCT-1,delta+epsilon
TCCTCGATCTGTGCAA-1,beta
TCCTCTTAGAGGCGTT-1,beta
TCCTCTTAGCGTTACT-1,delta+epsilon
TCCTCTTTCGCTGTTC-1,beta
TCCTGCAGTGATTCTG-1,beta
TCCTTTCCATCACGGC-1,beta
TCGAACAGTCTCCCTA-1,beta
TCGAAGTAGCTGGCTC-1,beta
TCGACCTAGAGTTGCG-1,macrophage
TCGACCTAGATGGCAC-1,beta
TCGACCTAGTATTCCG-1,beta
TCGACCTGTCCCTCAT-1,beta
TCGACCTGTTCAACGT-1,beta
TCGACGGAGCACCAGA-1,beta
TCGACGGCAGATGCGA-1,beta
TCGACGGCATGTGGCC-1,beta
TCGATTTTCTGCACCT-1,beta
TCGCACTCAACTGGTT-1,beta
TCGCACTTCTGCGGGT-1,beta
TCGCAGGAGCTAAATG-1,beta
TCGCAGGAGGGCGAAG-1,macrophage
TCGCTCATCCATTTAC-1,beta
TCGCTTGCAATTGCGT-1,beta
TCGCTTGCATGTGCCG-1,beta
TCGCTTGTCTAGGCCG-1,beta
TCGGATAGTGAATTGA-1,beta
TCGGGACCACAGCGCT-1,beta
TCGGGACCAGGCACTC-1,beta
TCGGGACGTAAGGTCG-1,beta
TCGGGACGTAGACGGT-1,beta
TCGGGACTCAACACCA-1,beta
TCGGGACTCACGACTA-1,beta
TCGGGCAAGTAAACAC-1,beta
TCGGGCAAGTTAGTAG-1,endothelial-mesenchymal
TCGGGCACACGCCAGT-1,beta
TCGGGCACAGGTCTCG-1,delta+epsilon
TCGGGCACAGTCGCTG-1,beta
TCGGGCACATGGCCAC-1,endothelial-mesenchymal
TCGGGTGAGAGGCTGT-1,beta
TCGGGTGGTAGCTGCC-1,beta
TCGGGTGGTCGTGGAA-1,beta
TCGGGTGGTTCGAAGG-1,beta
TCGGTCTAGATGGCAC-1,alpha
TCGGTCTAGCAGCAGT-1,alpha
TCGGTCTAGTATTAGG-1,beta
TCGGTCTCAACTAGAA-1,alpha
TCGGTCTGTCGTTTCC-1,beta
TCGGTCTTCAGCGGAA-1,beta
TCGTCCACAGCAGACA-1,beta
TCGTCCAGTCTACACA-1,beta
TCGTGCTAGTGCAGGT-1,beta
TCGTGCTTCCACGTAA-1,beta
TCTAACTAGGACAGCT-1,alpha
TCTAACTGTTCGAGCC-1,beta
TCTACATAGTTGGAGC-1,beta
TCTACATCAAGTGGGT-1,beta
TCTACATTCAGAGCGA-1,gamma
TCTACCGCAGCCGGTT-1,beta
TCTACCGCAGTAGTTC-1,beta
TCTATACAGCCACAAG-1,delta+epsilon
TCTATACCACCATATG-1,endothelial-mesenchymal
TCTATACTCTGCGTCT-1,beta
TCTATCATCAGTGTGT-1,beta
TCTCACGCAGAACGCA-1,beta
TCTCACGGTACTAACC-1,alpha
TCTCCGACAGTGTGCC-1,beta
TCTCCGATCGAGCCTG-1,beta
TCTCTGGAGTTGCCTA-1,beta
TCTCTGGCATCGGAAG-1,beta
TCTGGCTAGCCGCTTG-1,beta
TCTGTCGAGACATGCG-1,beta
TCTTAGTAGCTCTGTA-1,beta
TCTTAGTGTGGATCAG-1,beta
TCTTCCTTCGAGAACG-1,beta
TCTTGCGTCACAGAGG-1,beta
TCTTGCGTCGACGTCG-1,beta
TCTTTGAAGATCCTAC-1,delta+epsilon
TCTTTGAAGGCAGCTA-1,beta
TCTTTGACAGGACATG-1,beta
TGAACGTAGAATACAC-1,beta
TGAACGTCACATTGTG-1,beta
TGAACGTTCTCTTCAA-1,beta
TGAATCGAGAGTTGAT-1,beta
TGAATCGCACAAGGTG-1,beta
TGAATCGCAGGTATGG-1,beta
TGAATCGGTGTTGCCG-1,gamma
TGAATCGGTTCCTAGA-1,beta
TGAATCGTCGGCCCAA-1,endothelial-mesenchymal
TGAATGCGTCACAGAG-1,beta
TGACAGTCAGGCCTGT-1,endothelial-mesenchymal
TGACAGTGTATCGCGC-1,beta
TGACAGTTCGGAGCAA-1,beta
TGACCCTAGCTGGCCT-1,beta
TGACCCTTCATGTCAG-1,beta
TGACGCGGTGCCTGCA-1,beta
TGACGCGGTGTATTCG-1,beta
TGACGCGTCCTGGTCT-1,beta
TGACTCCCAAGTGGGT-1,duct
TGACTCCCAATTGAAG-1,beta
TGACTCCCATCTTAGG-1,beta
TGACTCCTCAAACGTC-1,delta+epsilon
TGAGACTCACATTGTG-1,beta
TGAGACTTCACTAGCA-1,beta
TGAGCATAGACGCATG-1,beta
TGAGCATGTAAGATTG-1,beta
TGAGCGCAGCCAAGGT-1,beta
TGAGCGCAGTTCTCTT-1,delta+epsilon
TGAGCGCGTTTATGCG-1,beta
TGAGCGCTCCGTGGGT-1,beta
TGAGGGACATAAGCAA-1,delta+epsilon
TGAGGTTAGGTCGACA-1,beta
TGAGGTTGTGGTTTGT-1,beta
TGAGGTTTCGCCATAA-1,beta
TGAGTCAAGATGGCGT-1,beta
TGAGTCACAACGGGTA-1,beta
TGAGTCATCCTACACC-1,beta
TGAGTCATCTGAGATC-1,duct
TGATCAGAGGAAAGTG-1,beta
TGATCAGCAAGAATGT-1,beta
TGATCAGGTCAACGCC-1,delta+epsilon
TGATCAGGTCATCGGC-1,beta
TGATCTTGTCGAATGG-1,beta
TGATGCAAGAGAGCAA-1,beta
TGATGGTGTATGGTAA-1,beta
TGATGGTGTCAGGTGA-1,beta
TGATTCTTCTACCCAC-1,delta+epsilon
TGATTTCAGATCGCTT-1,beta
TGCACGGAGGAAAGAC-1,beta
TGCACGGGTACAATAG-1,beta
TGCACGGGTTTGTTGG-1,beta
TGCAGATAGCCTCAGC-1,beta
TGCAGATCATATCTGG-1,beta
TGCAGATTCTTGGCTC-1,beta
TGCAGGCGTCTTACAG-1,beta
TGCAGGCGTGACTCTA-1,beta
TGCAGGCGTTTAAGGA-1,beta
TGCAGTACATAGTCGT-1,beta
TGCAGTAGTCGGCTAC-1,beta
TGCATCCAGGAAGAAC-1,macrophage
TGCATCCCAGAAGCGT-1,beta
TGCATCCGTTACAGCT-1,beta
TGCATCCTCCTTGACC-1,beta
TGCATGAAGTGCCGAA-1,beta
TGCATGATCGAATGCT-1,beta
TGCGACGAGTAACCGG-1,beta
TGCGGCAAGATCGGTG-1,beta
TGCGGGTCATGACAAA-1,beta
TGCGGGTGTTGTCTAG-1,beta
TGCTCCAAGGATGAGA-1,beta
TGCTCCACAATAGAGT-1,beta
TGCTCCATCATTCGGA-1,beta
TGCTTCGAGAGCTGAC-1,endothelial-mesenchymal
TGCTTCGCAGGATGAC-1,beta
TGCTTCGCAGTTTCGA-1,beta
TGCTTCGTCAGCCTTC-1,beta
TGCTTCGTCCGACATA-1,beta
TGCTTGCCAGGCTCTG-1,gamma
TGGAACTAGGCGACAT-1,beta
TGGAACTCAACCGCCA-1,beta
TGGAACTTCAAAGACA-1,beta
TGGAGAGAGTATGGAT-1,beta
TGGAGAGTCACATTGG-1,beta
TGGAGGAAGGAACTAT-1,beta
TGGATCAAGAAAGTCT-1,alpha
TGGATCACACTCCTTG-1,beta
TGGATCACATCTATCT-1,beta
TGGATGTAGCTCCACG-1,beta
TGGATGTAGGGATCAC-1,beta
TGGCGTGAGGAAAGGT-1,alpha
TGGGAAGGTAGTGTGG-1,beta
TGGGAAGTCCGGGACT-1,beta
TGGGAGAAGCATGAAT-1,delta+epsilon
TGGGAGAAGGGATGTC-1,beta
TGGGAGAAGGGCTAAC-1,beta
TGGGAGAGTTAGAAAC-1,beta
TGGGAGATCCTCATAT-1,beta
TGGGATTCATATCTGG-1,beta
TGGGATTTCATTACCT-1,beta
TGGGCGTAGTATTGCC-1,beta
TGGGCGTGTTCATCGA-1,delta+epsilon
TGGGCGTTCTAGCATG-1,beta
TGGGTTACAATTCACG-1,beta
TGGGTTAGTCGCTTGG-1,beta
TGGGTTAGTGACTGAG-1,beta
TGGTACAAGGTAAGTT-1,beta
TGGTACAAGTCTGTAC-1,beta
TGGTACAGTCATTCCC-1,beta
TGGTACATCAGTGTCA-1,beta
TGGTAGTAGCAGATAT-1,alpha
TGGTAGTCAACAAGTA-1,beta
TGGTAGTGTGACCGAA-1,beta
TGGTTAGAGTACAGAT-1,beta
TGGTTAGCACAGCTGC-1,alpha
TGGTTAGGTCGTTGCG-1,endothelial-mesenchymal
TGGTTAGGTGCGACAA-1,beta
TGGTTAGTCATTTCGT-1,gamma
TGTAACGGTCATTCCC-1,beta
TGTAAGCAGGTAAGAG-1,beta
TGTAAGCAGTGAGTGC-1,endothelial-mesenchymal
TGTAAGCAGTGTAGAT-1,beta
TGTAAGCGTCGCATTA-1,beta
TGTACAGAGAGTGTGC-1,beta
TGTACAGCAATGTCAC-1,delta+epsilon
TGTACAGCACCATAAC-1,beta
TGTACAGCACTACCGG-1,beta
TGTACAGGTCGCATCG-1,beta
TGTAGACCACGGCGTT-1,beta
TGTAGACGTAACTAAG-1,endothelial-mesenchymal
TGTCAGAAGTACAACA-1,beta
TGTCAGACATGTTTGG-1,beta
TGTCAGAGTAGCGATG-1,beta
TGTCAGATCCCTTGTG-1,beta
TGTCCACTCTACTGAG-1,beta
TGTCCACTCTGTGCTC-1,beta
TGTCCCACAGAGGACT-1,beta
TGTCCTGAGTACCGGA-1,beta
TGTCCTGAGTGCGTCC-1,beta
TGTCCTGGTCCACTCT-1,beta
TGTGAGTGTCGCACGT-1,beta
TGTGATGAGTATGGCG-1,delta+epsilon
TGTGATGGTGTCGCTG-1,beta
TGTGATGTCGACATTG-1,beta
TGTGCGGCAAGTGCAG-1,beta
TGTGCGGTCCAGCCTT-1,beta
TGTGTGAAGATGGTCG-1,beta
TGTGTGAAGCTAGAGC-1,beta
TGTGTGACATCGAGCC-1,beta
TGTGTGAGTGCACATT-1,beta
TGTGTGAGTTCTCACC-1,beta
TGTGTGATCTTGTGCC-1,beta
TGTTACTCAGAGTTCT-1,beta
TGTTCCGAGAAATTCG-1,beta
TGTTCCGCACCCAAGC-1,duct
TGTTCTAAGAGACAAG-1,endothelial-mesenchymal
TGTTCTAGTGACTGAG-1,beta
TGTTCTATCCTACTGC-1,beta
TGTTGAGGTCTTTCAT-1,beta
TGTTGAGGTGCAATAA-1,beta
TGTTGAGGTTCACCGG-1,beta
TGTTGAGGTTGGTGTT-1,beta
TGTTGAGTCTGCTTAT-1,beta
TGTTGGACACTGTCCT-1,beta
TGTTGGAGTCACGCTG-1,beta
TGTTGGAGTGCGAACA-1,endothelial-mesenchymal
TGTTGGAGTTCTCCAC-1,beta
TGTTTGTCAGCCGTCA-1,beta
TTACAGGCAACCTAAC-1,endothelial-mesenchymal
TTACAGGTCATTCGTT-1,beta
TTACCATAGCTACTGT-1,beta
TTACCGCGTATCGCTA-1,beta
TTACGCCCACAGCCTG-1,beta
TTACGCCCACTACACA-1,beta
TTACGTTGTGCAGGAT-1,beta
TTACTGTAGCCTGAAG-1,beta
TTACTGTCAGTAACGG-1,beta
TTACTGTGTCAGATTC-1,beta
TTAGGGTGTCAAAGCG-1,endothelial-mesenchymal
TTAGTCTAGCTGGCTC-1,beta
TTAGTCTTCACTGATG-1,beta
TTATTGCAGCAATTCC-1,beta
TTATTGCTCTCTGCTG-1,alpha
TTCAATCCAGGTCAAG-1,beta
TTCAATCGTTTATGCG-1,beta
TTCAATCTCCGACGGT-1,beta
TTCACCGAGCAGTCTT-1,beta
TTCACCGGTTAACAGA-1,beta
TTCACCGTCTTTGGAG-1,beta
TTCACGCCAGCGGTCT-1,duct
TTCACGCGTGCAGGAT-1,beta
TTCACGCTCGTCGCTT-1,beta
TTCATGTGTACCGTGC-1,beta
TTCATGTTCCGATGTA-1,beta
TTCATTGAGCTCGGCT-1,beta
TTCATTGCAATGGCAG-1,beta
TTCATTGGTGGGTTGA-1,beta
TTCCACGAGTTGGCTT-1,beta
TTCCACGGTAAGATTG-1,alpha
TTCCACGGTTGCTCCT-1,beta
TTCCGGTAGTTGAAAC-1,beta
TTCCGGTCAATACGCT-1,beta
TTCCGGTGTCGAACAG-1,beta
TTCCGTGCACGGTGCT-1,endothelial-mesenchymal
TTCCGTGGTTGTGCCG-1,beta
TTCCTAAAGGCAGGGA-1,beta
TTCCTAAAGTGGACTG-1,beta
TTCCTAAGTCAGCGTC-1,beta
TTCCTAAGTCCAGCAC-1,beta
TTCCTCTCAGGTCCCA-1,beta
TTCCTCTTCGGCTGAC-1,beta
TTCCTTCAGTGTGTTC-1,beta
TTCCTTCGTAGTCTTG-1,beta
TTCCTTCGTGTGGTCC-1,beta
TTCGATTCAAAGGCGT-1,delta+epsilon
TTCGCTGGTACTGGGA-1,beta
TTCGCTGTCGGAGCAA-1,delta+epsilon
TTCGGTCAGAGTATAC-1,beta
TTCGGTCAGGTCCTGC-1,endothelial-mesenchymal
TTCGGTCAGTGCTCGC-1,beta
TTCTAACCACGGGCTT-1,beta
TTCTAACGTGCGACAA-1,beta
TTCTAACTCAAGGTGG-1,beta
TTCTAACTCTAGCATG-1,endothelial-mesenchymal
TTCTAGTCAGTCGAGA-1,beta
TTCTAGTCAGTTCACA-1,beta
TTCTAGTGTCACCACG-1,beta
TTCTAGTTCCTACTGC-1,beta
TTCTCTCAGTCTGGAG-1,beta
TTCTGTAGTCCGAAAG-1,beta
TTCTTGATCTTCGATT-1,beta
TTGACCCCAACAGCCC-1,beta
TTGAGTGGTAGGCAAC-1,beta
TTGAGTGGTGCGTGCT-1,beta
TTGATGGCAGACCCGT-1,beta
TTGCATTAGTACTGTC-1,beta
TTGCATTGTGTGTCCG-1,beta
TTGCATTGTTAGGACG-1,beta
TTGCCTGAGCCTGTCG-1,beta
TTGCCTGAGCGATGAC-1,beta
TTGCCTGCAACATACC-1,beta
TTGCGTCTCATACGAC-1,beta
TTGCGTCTCCGTAGTA-1,beta
TTGCGTCTCTACGGGC-1,beta
TTGCTGCAGCTGTTCA-1,beta
TTGCTGCGTACATACC-1,beta
TTGCTGCGTTGAGAGC-1,beta
TTGCTGCTCTAGTGAC-1,beta
TTGGATGCAAGGCCTC-1,beta
TTGGATGTCACCCATC-1,duct
TTGGGATAGCCTCTTC-1,beta
TTGGGATAGTTAACAG-1,beta
TTGGGATCAGAGTTCT-1,beta
TTGGGATTCATTACGG-1,beta
TTGGGCGGTCCCAAAT-1,alpha
TTGGGCGGTGCCGAAA-1,beta
TTGGTTTCACCAAAGG-1,beta
TTGGTTTGTCCACTCT-1,beta
TTGGTTTTCTAGAGCT-1,beta
TTGTGGAGTGGTCAAG-1,beta
TTGTGTTGTAACAAGT-1,beta
TTGTTCAAGTATGCAA-1,beta
TTGTTCAAGTCACTAC-1,beta
TTGTTCACACTGAGGA-1,beta
TTGTTCAGTGCCTGAC-1,beta
TTGTTGTAGAGTCCGA-1,gamma
TTGTTGTAGGCACAAC-1,beta
TTGTTGTCACTAGAGG-1,beta
TTGTTGTGTAAGGCTG-1,endothelial-mesenchymal
TTGTTGTGTTGGTGTT-1,beta
TTGTTTGCATTAGGAA-1,beta
TTGTTTGGTAGGCAGT-1,beta
TTGTTTGGTCTTAGTG-1,beta
TTGTTTGTCAACTGGT-1,beta
TTTACCAAGGAGAGTA-1,beta
TTTACCAAGTATCTGC-1,beta
TTTACCATCTTTCAGT-1,beta
TTTACGTAGTCAGCCC-1,gamma
TTTACGTGTGGCTTGC-1,beta
TTTACTGCACTCCGAG-1,beta
TTTACTGTCGTGCTCT-1,beta
TTTAGTCGTACTCCGG-1,beta
TTTAGTCGTGTCCAAT-1,beta
TTTAGTCTCGGAATGG-1,beta
TTTAGTCTCTTTCTAG-1,alpha
TTTATGCGTCGGCCTA-1,delta+epsilon
TTTATGCTCAACTGGT-1,beta
TTTATGCTCAGGCGAA-1,beta
TTTATGCTCCACTAGA-1,gamma
TTTCACAAGTCCGCCA-1,alpha
TTTCACAGTTCAAACC-1,beta
TTTCAGTCACACCTAA-1,beta
TTTCAGTCAGGCAATG-1,beta
TTTCATGCACACACTA-1,beta
TTTCCTCGTGGAGAAA-1,beta
TTTCCTCTCGCGTGAC-1,beta
TTTCCTCTCTGAGGTT-1,beta
TTTCGATGTACAGCGA-1,beta
TTTGACTAGACGGTCA-1,beta
TTTGACTAGCTCGTGC-1,alpha
TTTGACTCAGCGCTTG-1,beta
TTTGATCAGACCAAGC-1,beta
TTTGGAGCATGACTGT-1,duct
TTTGGAGGTGATTAGA-1,beta
TTTGGTTAGTCGTTAC-1,beta
TTTGGTTTCGACGAGA-1,beta
AAACCCACACTTGTCC-1,endothelial-mesenchymal
AAACCCAGTGTACAGG-1,beta
AAACCCAGTTGTCCCT-1,beta
AAACGAAAGCTTCATG-1,beta
AAACGAAAGGCCTTCG-1,beta
AAACGAAGTCATCCCT-1,endothelial-mesenchymal
AAACGCTTCAGGGTAG-1,alpha
AAAGGATCAACCCTAA-1,beta
AAAGGATGTAGTGTGG-1,gamma
AAAGGATTCCTATTTG-1,alpha
AAAGGGCCAAGATGTA-1,beta
AAAGTCCAGAGTTCGG-1,beta
AAAGTCCAGATCACTC-1,beta
AAAGTCCCAAACACCT-1,alpha
AAAGTCCCACCAGCGT-1,beta
AAAGTGACATCCCGTT-1,beta
AAATGGATCTATGCCC-1,beta
AACAACCCATGTGCTA-1,beta
AACAAGACACATGGTT-1,beta
AACACACTCATTCGTT-1,beta
AACACACTCCAGTGCG-1,beta
AACCAACTCAGCGCAC-1,alpha
AACCAACTCCGGTAGC-1,beta
AACCATGCACTTCCTG-1,beta
AACCTTTAGACGAGCT-1,beta
AACCTTTGTGTTCCAA-1,alpha
AACGAAAGTTGGACTT-1,beta
AACGGGAGTGTATTCG-1,beta
AACGTCACACACGGTC-1,beta
AACGTCATCAAGGAGC-1,beta
AACGTCATCGAATGCT-1,beta
AACGTCATCGCAGTTA-1,beta
AAGACTCAGCTAAACA-1,beta
AAGACTCGTAGACTGG-1,delta+epsilon
AAGATAGGTAACTGCT-1,beta
AAGCGTTAGGAGCTGT-1,beta
AAGCGTTAGGATGTTA-1,beta
AAGGAATCAACCTATG-1,beta
AAGGAATCAATAGAGT-1,beta
AAGGTAAGTCGTATTG-1,beta
AAGGTAATCATATGGC-1,alpha
AAGGTAATCTTCACAT-1,alpha
AAGTACCTCGAGGCAA-1,beta
AAGTCGTCATCGGATT-1,macrophage
AAGTGAATCCCATAAG-1,beta
AAGTTCGAGTGGATTA-1,macrophage
AAGTTCGCAAGTTGGG-1,gamma
AATCACGGTTGGCCTG-1,beta
AATCGACCACCGGCTA-1,beta
AATCGACTCTGAATGC-1,beta
AATCGTGAGGCGAAGG-1,beta
AATGAAGTCGTCTAAG-1,macrophage
AATGCCAGTCGCCTAG-1,beta
AATGCCATCGGACTTA-1,beta
AATGGCTCACTAACGT-1,beta
AATTTCCAGTTCATGC-1,beta
ACAACCAAGGCCATAG-1,beta
ACAACCATCACTTTGT-1,macrophage
ACAAGCTTCACATCAG-1,beta
ACACCAACAAGACTGG-1,beta
ACACCAACAATGTGGG-1,beta
ACACCAATCATCTATC-1,beta
ACACCAATCCACTTCG-1,beta
ACACGCGCATTGACAC-1,delta+epsilon
ACACGCGGTGCTAGCC-1,endothelial-mesenchymal
ACACTGACAAGCCATT-1,alpha
ACAGAAACAGTTCACA-1,beta
ACAGAAACATCGGAGA-1,beta
ACAGCCGGTAGGATAT-1,beta
ACAGCCGTCCGTGTGG-1,delta+epsilon
ACAGGGAAGCTGTTAC-1,macrophage
ACAGGGACAACACAGG-1,beta
ACAGGGAGTTCTGAGT-1,alpha
ACAGGGATCTGGTTGA-1,beta
ACATGCACAGCTGCCA-1,beta
ACATTTCTCGAGGCAA-1,beta
ACCAAACCAACACGTT-1,beta
ACCATTTAGACGGTTG-1,beta
ACCATTTAGCCTCTCT-1,beta
ACCATTTTCATTGGTG-1,beta
ACCCTCACATAAGATG-1,beta
ACCCTCATCGGTGAAG-1,endothelial-mesenchymal
ACCGTTCCAACACACT-1,beta
ACCTACCAGGCCTTGC-1,endothelial-mesenchymal
ACCTACCGTCTGGTTA-1,alpha
ACCTGAATCGGCACTG-1,delta+epsilon
ACCTGTCAGTTCATCG-1,macrophage
ACCTGTCCAACTCGTA-1,beta
ACCTGTCTCAATGCAC-1,alpha
ACGATCATCATTTGGG-1,beta
ACGCACGGTAACCCGC-1,alpha
ACGCACGGTGTTTCTT-1,beta
ACGGAAGCAAACAGGC-1,alpha
ACGGGTCTCCTCACCA-1,alpha
ACGGTCGGTTGTCAGT-1,beta
ACGGTCGTCGGTTAGT-1,beta
ACGGTTACAACGCCCA-1,beta
ACGTCCTGTACAGAAT-1,beta
ACGTCCTTCTGCCCTA-1,gamma
ACGTTCCAGGAATCGC-1,beta
ACTACGACAAAGGATT-1,macrophage
ACTACGACAAATGCTC-1,beta
ACTACGACAATACCCA-1,gamma
ACTACGACAATGAGCG-1,beta
ACTATCTAGCTGTTAC-1,beta
ACTATGGGTAGATGTA-1,beta
ACTATGGTCAAGTCGT-1,delta+epsilon
ACTCCCACACAGGATG-1,beta
ACTCCCATCATTACTC-1,beta
ACTCTCGCAGTTGAAA-1,gamma
ACTGATGAGGAGACCT-1,beta
ACTGTCCAGATCCCGC-1,macrophage
ACTGTCCCATCTTCGC-1,beta
ACTGTCCTCGCAGTTA-1,beta
ACTTAGGGTTGGAGAC-1,endothelial-mesenchymal
ACTTAGGTCGTAGCTA-1,beta
ACTTATCAGTAGGTTA-1,alpha
ACTTATCTCCGAGGCT-1,beta
ACTTCCGCATACAGAA-1,beta
ACTTTGTTCATTCGTT-1,beta
ACTTTGTTCCTGATAG-1,beta
AGAAATGGTCTCAAGT-1,beta
AGAACAAAGGTTTGAA-1,beta
AGAACAAGTCACCACG-1,alpha
AGAAGCGGTGGCTTGC-1,beta
AGAAGTAAGTCACACT-1,beta
AGAAGTAGTAATACCC-1,beta
AGAAGTATCGGACCAC-1,beta
AGACAAAAGGCCTAGA-1,beta
AGACAAAGTAGGTAGC-1,beta
AGACACTCAGTAGAGC-1,alpha
AGACACTGTTCACGAT-1,macrophage
AGACACTTCGCTCATC-1,beta
AGACAGGAGTACTGGG-1,beta
AGACTCAGTGAGGAAA-1,alpha
AGAGAATAGAAGGGAT-1,beta
AGAGCCCCATTGAGCT-1,beta
AGATAGACAATCTCGA-1,beta
AGATCCAAGGAGTACC-1,beta
AGATCGTGTTCAGGTT-1,beta
AGATCGTGTTGTGTTG-1,endothelial-mesenchymal
AGATGCTCAACAGTGG-1,beta
AGCCACGTCCCATAGA-1,beta
AGCCAGCAGCTTCATG-1,beta
AGCCAGCCAGCATACT-1,endothelial-mesenchymal
AGCCAGCTCAGCGCGT-1,alpha
AGCCAGCTCCGAGTGC-1,endothelial-mesenchymal
AGCGATTGTATCGCAT-1,gamma
AGCGATTTCCGCTAGG-1,gamma
AGCGCCAAGGGTAATT-1,alpha
AGCGCTGAGTTGAAAC-1,beta
AGCGTATGTCCGCAGT-1,delta+epsilon
AGCTACAAGAAGTCCG-1,gamma
AGGAATACAAGTACCT-1,alpha
AGGAATAGTTCTCAGA-1,beta
AGGACGAAGGACATCG-1,gamma
AGGACGAGTTACCTTT-1,delta+epsilon
AGGACGATCGGAGCAA-1,gamma
AGGAGGTAGGAAGTAG-1,beta
AGGATAAGTGCTGCAC-1,beta
AGGCCACCAGTGACCC-1,beta
AGGCTGCAGTATAACG-1,beta
AGGGAGTAGGACTATA-1,beta
AGGGAGTCAGTGGCTC-1,endothelial-mesenchymal
AGGGCCTTCACGTAGT-1,beta
AGGGCTCAGACCACGA-1,alpha
AGGGCTCAGACGAGCT-1,endothelial-mesenchymal
AGGGCTCTCCAGTGTA-1,beta
AGGGTCCAGTCTAGAA-1,beta
AGGGTCCCATGACACT-1,beta
AGGGTGATCGGCTCTT-1,beta
AGGGTTTTCCGATAGT-1,beta
AGGTAGGAGAAGCTCG-1,beta
AGGTCATTCTGCCTCA-1,beta
AGGTGTTTCGGATTAC-1,beta
AGGTTGTTCCTACACC-1,alpha
AGTACTGAGGACAACC-1,endothelial-mesenchymal
AGTCTCCTCGTAGGGA-1,beta
AGTCTCCTCTTTCTAG-1,alpha
AGTGACTTCACTGCTC-1,beta
AGTGTTGAGCTAGAAT-1,macrophage
AGTGTTGCACGCGGTT-1,beta
AGTGTTGGTAACATAG-1,beta
AGTGTTGTCTCGAACA-1,beta
AGTTAGCGTTTGGAGG-1,beta
AGTTCCCCATAGATCC-1,beta
AGTTCGAGTTCTCCTG-1,beta
ATACCGAAGCGACTTT-1,beta
ATAGACCCACAGAGAC-1,beta
ATAGAGAAGTATGGAT-1,beta
ATAGAGACAGACGCTC-1,alpha
ATAGAGATCCGTGGGT-1,macrophage
ATAGGCTAGGCACTCC-1,beta
ATCACAGCATCCTATT-1,beta
ATCACTTCACTCTAGA-1,macrophage
ATCAGGTGTGAATGTA-1,beta
ATCATTCCACGTACTA-1,beta
ATCCACCCACTGCGAC-1,alpha
ATCCCTGCATTGAAGA-1,beta
ATCCCTGGTGTTACTG-1,beta
ATCCGTCCAGTAGTTC-1,beta
ATCCGTCTCTTGCAAG-1,beta
ATCCTATTCGAGAGCA-1,beta
ATCGATGTCAAAGAAC-1,beta
ATCGATGTCTGCGGAC-1,beta
ATCGCCTAGTAGATCA-1,beta
ATCGTAGGTCGGATTT-1,beta
ATCGTCCAGTGATGGC-1,beta
ATCGTCCCACTATGTG-1,beta
ATCTCTATCCATGCAA-1,beta
ATCTTCACAGCCCAGT-1,beta
ATCTTCAGTCGTACAT-1,beta
ATGAAAGTCATGGTAC-1,beta
ATGAAAGTCTCACGAA-1,beta
ATGAGGGCAGAAATCA-1,alpha
ATGAGTCAGGATACAT-1,duct
ATGAGTCGTGCCTGCA-1,beta
ATGATCGCAGTCGCTG-1,alpha
ATGATCGCATTACTCT-1,beta
ATGATCGTCCTAGCTC-1,beta
ATGCCTCGTGCGAGTA-1,beta
ATGCCTCTCGTTCCCA-1,beta
ATGGAGGTCACAGTGT-1,beta
ATGTCCCAGCATTTGC-1,alpha
ATGTCTTCAATGTCTG-1,beta
ATGTCTTGTCGTCGGT-1,beta
ATTACCTTCATCACAG-1,beta
ATTACCTTCCGACGGT-1,beta
ATTACTCGTCACTGAT-1,endothelial-mesenchymal
ATTACTCGTGTTAGCT-1,beta
ATTATCCAGCTCCACG-1,beta
ATTATCCTCTGCGGGT-1,beta
ATTCACTCAGCGTACC-1,beta
ATTCACTTCGCCTCTA-1,delta+epsilon
ATTCATCAGCGTGCTC-1,beta
ATTCATCAGGTTCCGC-1,alpha
ATTCATCCAATTTCGG-1,beta
ATTCATCCATCCTCAC-1,beta
ATTCCCGCAACAACAA-1,beta
ATTCCCGTCCTATTGT-1,beta
ATTCCTATCGCAGTCG-1,beta
ATTCGTTGTTGACTAC-1,beta
ATTCTACCAGTTTGGT-1,beta
ATTGGGTAGGTAAGTT-1,alpha
ATTGTTCGTGTGAGCA-1,beta
ATTGTTCTCGTAACTG-1,beta
ATTTCACGTGGATACG-1,beta
ATTTCACTCTGCAGCG-1,beta
CAACAACAGCATAGGC-1,alpha
CAACAACCACTGCTTC-1,alpha
CAACCTCCAGTCTGGC-1,beta
CAAGAGGAGACTCCGC-1,beta
CAAGAGGTCGTAGCTA-1,macrophage
CAAGCTAGTACGATTC-1,beta
CAAGGGAGTCATAACC-1,beta
CAAGGGATCTCACGAA-1,beta
CAATCGACAGATACTC-1,beta
CAATCGACAGCTGTAT-1,beta
CAATCGATCAAGTTGC-1,alpha
CAATTTCTCACTGGTA-1,beta
CACAACATCTGAATCG-1,beta
CACACAAAGTGCAAAT-1,beta
CACACAAGTAAGTCAA-1,beta
CACACAATCCAAGCCG-1,beta
CACACAATCTCCCAAC-1,beta
CACAGATAGAATTCAG-1,beta
CACAGATAGCTCGCAC-1,beta
CACAGATCACGCTGAC-1,beta
CACAGATCATCGAGCC-1,beta
CACAGATGTTCGGCCA-1,alpha
CACAGGCGTAGACTGG-1,macrophage
CACAGGCTCCACTTTA-1,beta
CACCAAAAGCCTCACG-1,beta
CACCAAAAGCTTTGTG-1,alpha
CACCAAAAGTGGTGAC-1,macrophage
CACGAATTCAGACATC-1,beta
CACGTTCGTTTCGGCG-1,beta
CACTGAAGTTGCTCAA-1,beta
CACTGGGAGCAATTCC-1,beta
CACTGGGTCTTTCGAT-1,beta
CACTTCGGTAATGCGG-1,beta
CAGAGCCCAGTCGCTG-1,alpha
CAGATTGGTCACTCTC-1,beta
CAGCAGCCATGACGGA-1,alpha
CAGCAGCGTCTGCATA-1,beta
CAGCCAGTCTACCAGA-1,beta
CAGGCCACATATACCG-1,beta
CAGGCCAGTTGGTGTT-1,beta
CAGGCCATCACCGCTT-1,beta
CAGGTATAGTCGGCAA-1,beta
CAGGTATCAGAACGCA-1,beta
CAGTTAGCAGGATGAC-1,beta
CAGTTAGCAGTAACCT-1,alpha
CAGTTAGTCTACTGAG-1,macrophage
CAGTTCCAGGTACTGG-1,macrophage
CAGTTCCTCACCTACC-1,beta
CATAAGCAGGTCTACT-1,beta
CATAAGCGTGGTTTGT-1,endothelial-mesenchymal
CATACCCCATCCGGTG-1,beta
CATACCCGTCCGGTCA-1,beta
CATAGACCAATACCTG-1,endothelial-mesenchymal
CATAGACGTGCACGCT-1,beta
CATCAAGGTACGTGAG-1,beta
CATCAAGTCAGCTGTA-1,beta
CATCAAGTCGCCTATC-1,duct
CATCCACCAACGGCCT-1,macrophage
CATCCACGTACTAAGA-1,beta
CATCCACGTCCAGTTA-1,beta
CATCCCAAGTCACTGT-1,gamma
CATCGCTTCAACCGAT-1,beta
CATCGCTTCAGGGTAG-1,macrophage
CATCGGGTCTTCGCTG-1,beta
CATGCGGAGTTGGAGC-1,beta
CATGCTCAGCCTCTGG-1,beta
CATGCTCCAGCATACT-1,alpha
CATGCTCGTGGCATCC-1,macrophage
CATTCATAGGAACGCT-1,beta
CATTCATTCGATCCAA-1,beta
CATTCCGAGGTTACCT-1,beta
CATTCCGCAGAGGTAC-1,alpha
CATTCCGCATAGGTAA-1,beta
CATTCCGGTCACCACG-1,beta
CATTCTAAGAGAGTTT-1,endothelial-mesenchymal
CATTCTACAATCAAGA-1,alpha
CATTGAGGTCCGGTCA-1,endothelial-mesenchymal
CATTGCCGTATGAAAC-1,macrophage
CATTGCCGTGATACAA-1,beta
CATTGCCTCCGAACGC-1,alpha
CATTGCCTCGGTCAGC-1,beta
CCAATGAAGCTGAAGC-1,beta
CCAATGAGTAATACCC-1,beta
CCACAAACACCAGCGT-1,alpha
CCACAAATCCTTCGAC-1,beta
CCACCATTCGACATCA-1,endothelial-mesenchymal
CCACGAGAGCTGGCCT-1,beta
CCACGAGCAAGCAGGT-1,beta
CCACGAGCAGCGACAA-1,beta
CCACGAGCATTGAGGG-1,beta
CCATAAGAGGCATCGA-1,macrophage
CCATAAGCAGGTAGTG-1,macrophage
CCATAAGCAGGTATGG-1,beta
CCATAAGGTCGTGGAA-1,endothelial-mesenchymal
CCATCACCAAGCACCC-1,duct
CCATCACCAATGAGCG-1,beta
CCCGGAAGTAGACAAT-1,beta
CCCGGAAGTAGATTAG-1,macrophage
CCCGGAAGTGGGACAT-1,alpha
CCCGGAATCTACTATC-1,beta
CCCTAACCACTTCAGA-1,endothelial-mesenchymal
CCCTAACGTCGTCATA-1,beta
CCCTCAACAGTAGATA-1,endothelial-mesenchymal
CCCTCTCAGCTCGAAG-1,beta
CCCTGATAGTGGTCAG-1,alpha
CCCTTAGGTTGCTAGT-1,alpha
CCGATGGCAAGTTCGT-1,beta
CCGGACAGTACTGGGA-1,beta
CCGGACATCATGCCAA-1,beta
CCGGGTATCGTAGTGT-1,beta
CCGTAGGTCGTTCTCG-1,endothelial-mesenchymal
CCGTTCATCATGAGTC-1,beta
CCTAACCAGGACGCTA-1,beta
CCTACGTTCATCCTAT-1,alpha
CCTACGTTCGTTCATT-1,alpha
CCTATCGGTTCAATCG-1,alpha
CCTATCGTCATGGATC-1,gamma
CCTCAGTTCCCAGGAC-1,beta
CCTCATGTCTGATTCT-1,beta
CCTCCAAAGGTACAAT-1,beta
CCTCCAAGTATAGCTC-1,beta
CCTGCATTCTGATTCT-1,gamma
CCTTTGGCATGGACAG-1,endothelial-mesenchymal
CGAAGGACAAGAGATT-1,alpha
CGAAGGAGTAGATTAG-1,beta
CGAAGGAGTTGTTGCA-1,gamma
CGAAGTTCACAGAGCA-1,beta
CGAATTGGTGAGACCA-1,beta
CGACAGCGTTTCACAG-1,beta
CGAGAAGGTGTCCGGT-1,beta
CGAGGAAAGAAGGTAG-1,beta
CGAGGAACACAGTCGC-1,beta
CGAGGCTAGCACCGTC-1,beta
CGATGCGCACTTTAGG-1,beta
CGATGGCTCAACTGGT-1,beta
CGCAGGTCACCCTTGT-1,alpha
CGCAGGTTCATCACAG-1,beta
CGCATGGGTGAGAGGG-1,macrophage
CGCCAGAAGGACAGTC-1,beta
CGCCAGAGTTCTCGTC-1,endothelial-mesenchymal
CGCGTGACATGACTCA-1,beta
CGGAACCAGCTAAATG-1,endothelial-mesenchymal
CGGACACGTTCCATTT-1,beta
CGGCAGTGTCTCTCTG-1,gamma
CGGGACTTCATGAGGG-1,beta
CGGGCATAGGAAGAAC-1,delta+epsilon
CGGGTCATCTTCGACC-1,endothelial-mesenchymal
CGGGTGTGTGGTCAAG-1,beta
CGGTCAGCAACCCTCT-1,endothelial-mesenchymal
CGGTCAGGTGCAACAG-1,beta
CGTAAGTCAACTCATG-1,endothelial-mesenchymal
CGTAAGTGTAGCGTCC-1,endothelial-mesenchymal
CGTAATGCACAAAGCG-1,beta
CGTAATGCAGCCTTCT-1,beta
CGTAATGTCTCAGTCC-1,beta
CGTAGTAGTGGCATCC-1,delta+epsilon
CGTCAAAAGCAGTCTT-1,macrophage
CGTCAAACAAGTCCAT-1,beta
CGTCCATTCTGCTTAT-1,alpha
CGTGCTTCAAGAGTAT-1,beta
CGTGCTTCATATACCG-1,beta
CGTTAGAGTAATACCC-1,delta+epsilon
CGTTCTGTCTATTTCG-1,beta
CTAACCCCACTCCACT-1,beta
CTAAGTGGTCTCAGGC-1,beta
CTACAGAGTCTAATCG-1,beta
CTACCCAAGATCCAAA-1,beta
CTACCCACATTCAGCA-1,beta
CTACGGGTCGCACGGT-1,delta+epsilon
CTACTATCACGACGTC-1,beta
CTATAGGGTGTGTACT-1,delta+epsilon
CTATCCGAGAGATGCC-1,beta
CTCAACCAGAAGGGAT-1,gamma
CTCAACCGTAAGATAC-1,beta
CTCACTGAGAGAGAAC-1,beta
CTCAGAATCTTGGAAC-1,beta
CTCAGTCGTGGTTTAC-1,beta
CTCATCGGTATGCAAA-1,beta
CTCCACACAATCTCTT-1,beta
CTCCACACAATTGAAG-1,alpha
CTCCGATTCGACCAAT-1,beta
CTCCTCCCATGACTAC-1,beta
CTCGAGGGTGGGAGAG-1,beta
CTCTCAGTCGGCTGGT-1,macrophage
CTCTGGTAGATACAGT-1,beta
CTCTGGTGTACGTTCA-1,alpha
CTCTGGTTCATGGATC-1,beta
CTGAATGAGCGAGGAG-1,beta
CTGAGCGAGGTCACAG-1,beta
CTGAGCGAGTCACGCC-1,gamma
CTGAGGCCAACGTAAA-1,beta
CTGAGGCGTAACACCT-1,beta
CTGATCCAGTCACAGG-1,beta
CTGCAGGGTCTATGAC-1,beta
CTGCAGGTCATTGTGG-1,beta
CTGCAGGTCTACGCAA-1,beta
CTGCCATGTGTGTCCG-1,beta
CTGCCTAAGCACCTGC-1,alpha
CTGCCTAAGCAGGGAG-1,alpha
CTGCCTAAGGACGGAG-1,beta
CTGCGAGGTCGAGTTT-1,beta
CTGCTCAAGGTCGCCT-1,macrophage
CTGCTCAGTATTTCTC-1,gamma
CTGGCAGGTATAGGAT-1,beta
CTGTACCAGAAGAACG-1,beta
CTGTAGACAAGCAATA-1,alpha
CTGTAGAGTACCTTCC-1,alpha
CTGTGAACAGCAGTTT-1,endothelial-mesenchymal
CTGTGGGCAAGGTTGG-1,beta
CTGTGGGCATACATCG-1,beta
CTTAGGACAAACGGCA-1,beta
CTTAGGATCGGTAAGG-1,beta
CTTAGGATCTCGCCTA-1,alpha
CTTCCGACACTTCAAG-1,endothelial-mesenchymal
CTTCCGACAGCATGCC-1,endothelial-mesenchymal
CTTCCGATCTTCCCGA-1,beta
CTTCCTTTCAGCTAGT-1,beta
CTTCTAATCGCAATGT-1,delta+epsilon
CTTGAGACAGACCTGC-1,beta
CTTGATTAGGCCTGCT-1,beta
CTTTCAATCACTGGTA-1,beta
CTTTCAATCCCGAAAT-1,endothelial-mesenchymal
CTTTCGGAGTAGGCCA-1,endothelial-mesenchymal
CTTTCGGTCATCGTAG-1,endothelial-mesenchymal
CTTTCGGTCGAGTCTA-1,beta
GAAACCTCATCCGAGC-1,endothelial-mesenchymal
GAAATGACACTATCGA-1,beta
GAAATGAGTGCCTGCA-1,delta+epsilon
GAACACTCAATAGGGC-1,beta
GAACACTGTAACGCGA-1,beta
GAACACTTCTTAGCCC-1,beta
GAACGTTCAAGCGCAA-1,beta
GAACGTTCAATACGCT-1,beta
GAACGTTCAGTCGCTG-1,alpha
GAACGTTTCGACACCG-1,macrophage
GAACTGTCAGGAAGTC-1,gamma
GAAGAATAGTCTTCGA-1,beta
GAAGAATGTGCCGGTT-1,beta
GAAGCCCAGAGTCGAC-1,beta
GAAGCCCTCACCTCTG-1,beta
GAAGCCCTCGCCGTGA-1,beta
GAAGGGTCACATACGT-1,alpha
GAAGTAAAGGCGAACT-1,beta
GAAGTAAAGTGCGTCC-1,delta+epsilon
GAATAGAAGGATATAC-1,beta
GAATCACTCGACCCAG-1,endothelial-mesenchymal
GAATCGTAGACCATTC-1,beta
GACAGCCGTTCAGTAC-1,beta
GACATCATCTTGATTC-1,gamma
GACCAATAGGTATTGA-1,beta
GACCCAGTCTCGTGGG-1,beta
GACCCTTCAAACAGGC-1,beta
GACCCTTTCGAAGGAC-1,alpha
GACCGTGCAGCGACCT-1,alpha
GACGCTGTCACGAGGA-1,beta
GACGTTAAGTATGACA-1,beta
GACTATGTCAGTCAGT-1,beta
GACTCAAAGTACGAGC-1,beta
GACTCTCAGTTAGTGA-1,beta
GACTCTCCATGGCACC-1,alpha
GACTCTCGTTAACCTG-1,alpha
GACTCTCTCGAGAAGC-1,beta
GACTGATAGACTGTTC-1,beta
GACTGATAGATTGACA-1,endothelial-mesenchymal
GACTGATAGCATCCTA-1,beta
GACTGATAGTGCAGGT-1,beta
GACTTCCGTTCTAACG-1,beta
GAGAAATAGATAGCAT-1,beta
GAGAAATAGTAGGAAG-1,beta
GAGACCCCAAGTGACG-1,beta
GAGACCCTCCGATAGT-1,alpha
GAGAGGTCAGTATGAA-1,beta
GAGAGGTGTTGCTGAT-1,alpha
GAGAGGTTCCGGCTTT-1,endothelial-mesenchymal
GAGATGGTCATTCACT-1,delta+epsilon
GAGCTGCGTGGCTTGC-1,beta
GAGGCAATCACTTGTT-1,beta
GAGGCCTAGCAACTCT-1,beta
GAGGCCTAGTCTGGTT-1,delta+epsilon
GAGGCCTCAGCCCAGT-1,beta
GAGGCCTCAGCGTAGA-1,beta
GAGGCCTCAGGATTCT-1,beta
GAGGGATGTCAGCGTC-1,beta
GAGTCATCACGACTAT-1,beta
GAGTCATGTCTTCTAT-1,beta
GAGTCTACACATCATG-1,endothelial-mesenchymal
GAGTCTACACGACGCT-1,beta
GAGTCTATCCTTGGAA-1,beta
GAGTGAGAGATCACCT-1,beta
GAGTGAGAGGGCAACT-1,alpha
GAGTGTTAGAGAGGGC-1,alpha
GAGTTACCACTCAGAT-1,beta
GAGTTTGCATGCAGCC-1,beta
GATAGAACAGGTCAGA-1,beta
GATAGAATCCGGCTTT-1,beta
GATAGAATCGCGCCAA-1,beta
GATAGCTCACGGCCAT-1,beta
GATCAGTCAGAGATTA-1,alpha
GATCAGTTCCTAGAGT-1,beta
GATCCCTGTCTGTGGC-1,endothelial-mesenchymal
GATGACTTCGAGAACG-1,beta
GATGAGGGTACTAAGA-1,beta
GATGAGGGTCCCTGAG-1,beta
GATGATCTCGAGTACT-1,beta
GATGGAGGTCATCACA-1,alpha
GATGGAGGTTGACGGA-1,beta
GATTCGACAACTAGAA-1,beta
GATTCGATCACTCGAA-1,beta
GATTCTTAGCAGGTCA-1,beta
GATTCTTAGCTTAGTC-1,endothelial-mesenchymal
GATTGGTAGTGCAGCA-1,macrophage
GATTGGTCACTGCGAC-1,beta
GATTGGTGTCAGGTGA-1,beta
GATTTCTGTTAGCTAC-1,macrophage
GATTTCTTCGAGCCTG-1,alpha
GCAACATAGTAGTCCT-1,beta
GCAACATCAATCGCCG-1,endothelial-mesenchymal
GCAACATTCATTCATC-1,beta
GCAACCGCACACAGCC-1,beta
GCACATAGTGCTCTCT-1,delta+epsilon
GCAGCCACAGGTGACA-1,alpha
GCATCGGCATTCCTCG-1,gamma
GCATCTCTCGACCAAT-1,beta
GCATGATAGAGGTATT-1,beta
GCATTAGGTCCGACGT-1,beta
GCCAGCATCCTCTAAT-1,alpha
GCCAGGTCAAACGAGC-1,beta
GCCAGTGAGGCGACAT-1,macrophage
GCCAGTGCACTCTCGT-1,alpha
GCCATGGCAATTCTTC-1,beta
GCCATGGCACTCAGAT-1,beta
GCCATGGGTTACGGAG-1,macrophage
GCCCGAAAGATTCGCT-1,endothelial-mesenchymal
GCCGATGCAATACGAA-1,beta
GCCTGTTCAGTTGCGC-1,beta
GCCTGTTTCGTCAAAC-1,beta
GCGATCGTCCCGAACG-1,beta
GCGATCGTCCGCTTAC-1,beta
GCGGAAACAATCCTAG-1,beta
GCGGATCCAAGTGCTT-1,beta
GCGGATCTCCCGTTGT-1,beta
GCGTTTCAGGGCCCTT-1,endothelial-mesenchymal
GCGTTTCCACGCGTGT-1,endothelial-mesenchymal
GCTGAATCAATCTGCA-1,beta
GCTGCAGGTTTGGCTA-1,beta
GCTGCAGTCTCAAAGC-1,macrophage
GCTGGGTCAATCCTAG-1,delta+epsilon
GCTGGGTTCGTGCATA-1,beta
GCTTCACAGCCGTTGC-1,endothelial-mesenchymal
GCTTCACGTCTTCTAT-1,beta
GCTTGGGCAATTTCTC-1,beta
GCTTTCGTCCCATTCG-1,beta
GGAACCCTCGCTGTCT-1,beta
GGAAGTGCAGCATACT-1,beta
GGAAGTGGTGATAGAT-1,beta
GGAAGTGTCCGTAGGC-1,alpha
GGACGTCAGAAGCGAA-1,beta
GGACGTCGTTCCTTGC-1,beta
GGAGGATCAGATACCT-1,beta
GGAGGATCATCGGTTA-1,beta
GGAGGATTCCACACCT-1,beta
GGAGGTAAGACGACTG-1,beta
GGAGGTAGTGCCCAGT-1,beta
GGATCTAAGGCTGGAT-1,beta
GGCGTCATCCTTCTAA-1,alpha
GGCTGTGGTCACCCTT-1,beta
GGGAAGTAGCCTCTGG-1,alpha
GGGACAAAGGTTAGTA-1,alpha
GGGACAAAGTTAACGA-1,beta
GGGACAACAACACGTT-1,endothelial-mesenchymal
GGGACCTCAGGGAGAG-1,beta
GGGACCTCATCCTGTC-1,beta
GGGATCCAGCGTGAAC-1,beta
GGGATCCCACGTTCGG-1,beta
GGGCGTTAGCCACTCG-1,beta
GGGCGTTTCTCGTCGT-1,alpha
GGGCTACAGTTTAGGA-1,beta
GGGCTACCAACTTCTT-1,beta
GGGCTACCACCTTCCA-1,beta
GGGCTCACATAGAAAC-1,endothelial-mesenchymal
GGGTAGACAAGACAAT-1,beta
GGGTAGACATAGATGA-1,alpha
GGGTATTCATACATCG-1,duct
GGGTATTGTCACCGAC-1,beta
GGGTCACGTGGTCCCA-1,endothelial-mesenchymal
GGGTCACTCGTTCTAT-1,beta
GGGTCTGAGCAATAGT-1,beta
GGGTCTGAGCATATGA-1,beta
GGGTGTCAGCACAAAT-1,beta
GGTAACTGTGGATTTC-1,beta
GGTAACTGTTGCATTG-1,beta
GGTAACTGTTTGAAAG-1,beta
GGTAACTTCTGTCGCT-1,beta
GGTAATCCAACTGATC-1,endothelial-mesenchymal
GGTAATCTCTGTCCCA-1,beta
GGTAGAGAGCATCCTA-1,beta
GGTGAAGTCTAGAACC-1,beta
GGTGATTGTACGACAG-1,beta
GGTGTCGTCGAGGCAA-1,alpha
GGTTCTCAGCATGATA-1,beta
GGTTGTAAGCTAGTTC-1,beta
GGTTGTACATCCCGTT-1,beta
GTAACCAGTCTGTGCG-1,beta
GTAAGTCAGATCGGTG-1,beta
GTAAGTCAGTGATTCC-1,beta
GTAATGCTCTCTCTTC-1,beta
GTACAACCAGGAGGTT-1,beta
GTACAACTCCCTTGGT-1,beta
GTACAACTCTTGTGCC-1,beta
GTACAGTAGGGCATGT-1,macrophage
GTACAGTGTTCTCCAC-1,beta
GTAGAGGTCATGGGAG-1,endothelial-mesenchymal
GTAGGAGCAGTGAGCA-1,beta
GTAGGTTCAAGAGCTG-1,beta
GTCAAACCAAGCTGCC-1,endothelial-mesenchymal
GTCAAACGTCCACATA-1,beta
GTCAAACGTGAAGCTG-1,beta
GTCAAGTGTGAGACGT-1,beta
GTCACGGGTGAACCGA-1,beta
GTCATCCAGCCTATCA-1,endothelial-mesenchymal
GTCATCCTCAAGGACG-1,beta
GTCATGATCATCGCAA-1,macrophage
GTCATTTAGGGCATGT-1,beta
GTCCACTGTACGAGTG-1,beta
GTCCTCACAGCAGGAT-1,beta
GTCCTCAGTGTAGCAG-1,beta
GTCGTAACATGGTGGA-1,beta
GTCTACCAGCTACTAC-1,beta
GTCTGTCCATAAGATG-1,beta
GTCTGTCGTAAGGCCA-1,beta
GTGACGCCATCGTGCG-1,endothelial-mesenchymal
GTGACGCGTCACGTGC-1,beta
GTGAGCCAGACTACCT-1,delta+epsilon
GTGAGGATCTTGGAAC-1,macrophage
GTGCACGGTCATCACA-1,beta
GTGCAGCCACAGTCCG-1,beta
GTGCTGGAGATGTTGA-1,alpha
GTGGAAGCAGCTCTGG-1,beta
GTGGAAGTCATGGGAG-1,beta
GTGGAGAAGAATCGAT-1,beta
GTGGAGAAGCTTCTAG-1,beta
GTGGAGAAGTTACGTC-1,beta
GTGGAGAGTGGATCGA-1,alpha
GTGGAGATCGCAGATT-1,beta
GTGGCGTCAGCGTGAA-1,beta
GTGGCGTTCTTCGCTG-1,beta
GTGGGAAGTGCGGTAA-1,beta
GTGGGAATCCCATGGG-1,beta
GTGGTTAAGTTCATGC-1,alpha
GTGTAACTCATTTACC-1,beta
GTGTAACTCGTGGGAA-1,beta
GTGTCCTAGAATTTGG-1,macrophage
GTGTCCTAGAGAGCGG-1,endothelial-mesenchymal
GTGTCCTCAATTGCCA-1,beta
GTGTCCTGTAACAGGC-1,alpha
GTGTGATAGTAGTCCT-1,beta
GTGTTAGCAAGTCCCG-1,gamma
GTGTTCCGTAGCGTCC-1,delta+epsilon
GTTACAGAGCTCCACG-1,beta
GTTACAGTCGCGCTGA-1,beta
GTTACAGTCGGTCAGC-1,beta
GTTACGACAGCCCACA-1,beta
GTTACGATCGAGTTGT-1,macrophage
GTTAGTGTCAGAACCT-1,beta
GTTCATTTCTACGGGC-1,beta
GTTCCGTAGGGACAGG-1,beta
GTTCCGTTCCGTCAAA-1,beta
GTTCGCTAGAGCCATG-1,beta
GTTCGCTCAAGCTCTA-1,gamma
GTTCGCTCATCATCTT-1,beta
GTTCGCTGTGAAGCGT-1,beta
GTTGAACGTGTCCACG-1,beta
GTTGCGGCAATGCAAA-1,beta
GTTGCTCAGTGACACG-1,alpha
GTTGCTCCAAAGCAAT-1,beta
GTTGTAGTCGTCAAAC-1,endothelial-mesenchymal
GTTGTAGTCTGTCTCG-1,beta
GTTGTGATCCTTCAGC-1,beta
GTTTGGAAGCTAATGA-1,alpha
GTTTGGAAGTATAGAC-1,alpha
GTTTGGATCTCGTCAC-1,macrophage
TAACACGCAACACTAC-1,beta
TAACACGGTGGTGATG-1,beta
TAACCAGCAACAAAGT-1,beta
TAACTTCCACCTGCGA-1,beta
TAACTTCTCTATCGCC-1,beta
TAAGCACTCGCCTTGT-1,endothelial-mesenchymal
TAAGCCAAGTGGAAGA-1,beta
TAAGCCACAAGTGACG-1,endothelial-mesenchymal
TAAGCGTCATGACGTT-1,beta
TAATCTCGTCTGCAAT-1,beta
TACAACGCAAATGGCG-1,beta
TACAACGGTCCAATCA-1,beta
TACACCCCAGCTATTG-1,beta
TACACCCTCTAGTGTG-1,beta
TACAGGTAGATAGCTA-1,alpha
TACAGGTGTAACAGTA-1,beta
TACATTCGTCACATTG-1,beta
TACCCACAGACGATAT-1,alpha
TACCCACGTATAATGG-1,beta
TACCGAAAGCCGTAAG-1,beta
TACCGAAGTACCTATG-1,beta
TACCGGGCATGTGGCC-1,beta
TACCTCGAGAAACTGT-1,beta
TACCTGCCAGAGTCAG-1,beta
TACGTCCAGACTGAGC-1,beta
TACTGCCAGTCTCGTA-1,delta+epsilon
TACTGCCTCACCTCTG-1,beta
TACTTACCAACAGCTT-1,beta
TACTTCATCATTTACC-1,endothelial-mesenchymal
TACTTGTAGCGGGTTA-1,beta
TAGACCAAGAGCAGCT-1,delta+epsilon
TAGACCATCTTGCGCT-1,beta
TAGAGTCCAACAGATA-1,beta
TAGATCGCACGTTCGG-1,delta+epsilon
TAGGAGGTCACTGATG-1,beta
TAGGTACAGAGTCACG-1,beta
TAGGTTGCATGCGTGC-1,beta
TATACCTCACGGATCC-1,beta
TATATCCAGCGGTAGT-1,beta
TATATCCCAATACGCT-1,beta
TATCAGGGTGGCCTCA-1,beta
TATCTGTCATGACTAC-1,beta
TATCTTGGTCTGTCCT-1,beta
TATCTTGTCCATGATG-1,macrophage
TATTCCACAACGATCT-1,beta
TATTGCTAGGTTCTAC-1,beta
TATTGCTCAGAGTGTG-1,endothelial-mesenchymal
TATTGCTTCATCTATC-1,alpha
TATTGCTTCGCCACTT-1,beta
TATTGGGAGCATAGGC-1,beta
TATTGGGTCATCAGTG-1,beta
TCAAGCAAGAAACACT-1,alpha
TCAAGCACAATTTCCT-1,beta
TCAAGCAGTGAGACCA-1,alpha
TCAAGTGTCCATCGTC-1,beta
TCAATTCAGGCAGCTA-1,beta
TCACAAGAGTTCCGTA-1,beta
TCACAAGCATAACTCG-1,beta
TCACAAGTCAACCCGG-1,alpha
TCACAAGTCCTCTGCA-1,delta+epsilon
TCACAAGTCGGATACT-1,beta
TCACACCGTAATGATG-1,endothelial-mesenchymal
TCACACCGTACCCACG-1,beta
TCACACCTCACCTGGG-1,beta
TCACATTTCTCAACGA-1,alpha
TCACGCTAGAATTGTG-1,beta
TCACTATCAGAGCCCT-1,macrophage
TCACTATGTGCGGTAA-1,macrophage
TCACTATTCACAAGAA-1,endothelial-mesenchymal
TCACTCGCATCTAGAC-1,delta+epsilon
TCACTCGTCCGCACGA-1,beta
TCAGCAAAGAGCCGTA-1,alpha
TCAGCAATCATCACTT-1,beta
TCAGCCTCACCGTCTT-1,beta
TCAGGGCAGTGGAAAG-1,beta
TCAGGGCTCAATCGGT-1,beta
TCAGGGCTCCGTATGA-1,beta
TCAGGGCTCTTGAGCA-1,beta
TCAGTTTGTGATAGTA-1,beta
TCAGTTTTCTTAGCAG-1,beta
TCATACTCATGTGGCC-1,beta
TCATCCGAGGGCCAAT-1,endothelial-mesenchymal
TCATGAGGTCTTACTT-1,alpha
TCATGAGTCCATCAGA-1,beta
TCATGCCTCGTCCTTG-1,beta
TCATGGATCTATCCAT-1,delta+epsilon
TCATTACCAAGGTCAG-1,gamma
TCATTACCAATGGCAG-1,beta
TCATTACGTAGCACGA-1,alpha
TCATTACTCACATACG-1,endothelial-mesenchymal
TCATTACTCGATTTCT-1,beta
TCCACCAAGGCCATAG-1,beta
TCCACGTCAGAGGCAT-1,beta
TCCAGAATCTACCCAC-1,beta
TCCATGCGTTTGTTGG-1,beta
TCCCACAAGGATATGT-1,beta
TCCCAGTTCCTTCACG-1,beta
TCCGAAAAGCAATTCC-1,beta
TCCGATCCAAGTTCGT-1,macrophage
TCCGGGAAGATACAGT-1,beta
TCCGGGAGTTGCGTAT-1,beta
TCCGTGTTCGATTGGT-1,beta
TCCTAATTCCTCACCA-1,beta
TCCTCTTTCCATGCAA-1,endothelial-mesenchymal
TCCTCTTTCGGCATAT-1,beta
TCCTGCATCGGCAGTC-1,alpha
TCCTTCTAGGTATAGT-1,beta
TCCTTCTTCTGTTCAT-1,beta
TCGAACAAGGCATCTT-1,beta
TCGAAGTAGCATGTTC-1,beta
TCGAAGTGTATTAAGG-1,beta
TCGACCTCAGTACTAC-1,beta
TCGACGGAGATCGACG-1,beta
TCGATTTAGTCCCTAA-1,beta
TCGATTTCACCGTGCA-1,beta
TCGCTTGTCCGCTTAC-1,beta
TCGGGACCAAGTTCGT-1,alpha
TCGGGCAAGACATATG-1,beta
TCGGGTGCACTGCTTC-1,alpha
TCGGTCTCACGGCCAT-1,beta
TCGGTCTGTACCATAC-1,beta
TCGTAGAGTCACTTAG-1,beta
TCGTCCAGTCTGTGGC-1,endothelial-mesenchymal
TCGTCCAGTGTGCCTG-1,beta
TCGTGGGCAGCGTTGC-1,beta
TCGTGGGGTCGGTAAG-1,alpha
TCTAACTCAGAGTGTG-1,endothelial-mesenchymal
TCTAACTTCAGATTGC-1,macrophage
TCTACCGCAAGATGTA-1,beta
TCTACCGTCCTGGTCT-1,beta
TCTATCAAGCGGGTAT-1,delta+epsilon
TCTCAGCGTACAGAGC-1,beta
TCTCTGGAGATGTTGA-1,beta
TCTCTGGTCTTCTGGC-1,beta
TCTGGCTCATGAGGGT-1,macrophage
TCTTAGTGTAGAATGT-1,beta
TCTTAGTGTTCCGGTG-1,beta
TCTTGCGTCACCTCTG-1,beta
TGAACGTCACTGTCGG-1,beta
TGAATCGAGGCACGAT-1,delta+epsilon
TGAATGCCAGACTCTA-1,beta
TGAATGCCATAGATGA-1,alpha
TGAATGCCATGACTGT-1,beta
TGAATGCGTACTGCGC-1,beta
TGACGCGGTGTCATGT-1,alpha
TGACTCCGTGGCGTAA-1,endothelial-mesenchymal
TGACTCCTCAATCTCT-1,beta
TGAGACTTCACTGGGC-1,alpha
TGAGCATCATGATAGA-1,beta
TGAGCGCCAGTATTCG-1,alpha
TGAGTCACAATGGCAG-1,beta
TGATCAGCATCTAGAC-1,beta
TGATCAGTCATGGATC-1,alpha
TGATCAGTCCTGATAG-1,delta+epsilon
TGATCTTAGCAGCACA-1,alpha
TGATTTCTCTAGTGAC-1,alpha
TGCAGATTCGCAAGAG-1,beta
TGCAGGCAGTCTGGAG-1,beta
TGCAGGCTCGTGCATA-1,beta
TGCAGTACAATGCAGG-1,macrophage
TGCAGTAGTTATGTCG-1,beta
TGCATGAGTGGGCTCT-1,beta
TGCCGAGAGGTTGACG-1,macrophage
TGCCGAGCACTGCGAC-1,alpha
TGCGATACAATTGCTG-1,beta
TGCGGCAGTACCTAAC-1,beta
TGCGGGTCACGCTATA-1,alpha
TGCGGGTGTTCCATTT-1,gamma
TGCTCCATCAGGTAAA-1,beta
TGCTCCATCGAACTCA-1,beta
TGCTCCATCTGTCAGA-1,alpha
TGCTTGCTCAATCGGT-1,beta
TGGAACTTCCATTGTT-1,beta
TGGAGAGCAACCTAAC-1,beta
TGGAGAGCAGGGAATC-1,macrophage
TGGAGAGCATCGTTCC-1,endothelial-mesenchymal
TGGAGAGTCCTGGCTT-1,alpha
TGGAGGACATGACCCG-1,beta
TGGATCAAGATTGGGC-1,beta
TGGATGTGTTGAAGTA-1,delta+epsilon
TGGCGTGTCCGTCCTA-1,beta
TGGGAAGCACCCTTAC-1,beta
TGGGATTGTAGTGTGG-1,beta
TGGGCTGAGTAGTCCT-1,macrophage
TGGGCTGTCGTTCCCA-1,delta+epsilon
TGGTACAAGCCTGTCG-1,beta
TGGTACATCAATCCAG-1,alpha
TGTAACGAGGTCACAG-1,beta
TGTAACGCAGATACCT-1,beta
TGTAACGGTTTGTTGG-1,beta
TGTAAGCCATCCAACA-1,beta
TGTACAGGTTCTTCAT-1,beta
TGTCCCAAGGCGAAGG-1,beta
TGTCCTGCAAGAGTTA-1,beta
TGTGATGTCTTGCAAG-1,beta
TGTGGCGAGCCATATC-1,beta
TGTGTGAAGAAACCCG-1,alpha
TGTTCTAAGGTACTGG-1,endothelial-mesenchymal
TGTTCTAGTTACACTG-1,beta
TGTTCTATCCATCTAT-1,beta
TGTTGAGAGCAATTCC-1,beta
TGTTGGACACGCTTAA-1,alpha
TGTTTGTAGCAGCACA-1,beta
TTAATCCCAATCGCCG-1,macrophage
TTAATCCGTTCTAAGC-1,beta
TTACAGGCAACAAGTA-1,beta
TTACAGGCACAACGTT-1,beta
TTACAGGGTTCAAGTC-1,alpha
TTACCATTCACGGTCG-1,beta
TTACGCCAGCCTCGTG-1,beta
TTAGGCATCGGTGTTA-1,beta
TTAGGGTGTCTCAGGC-1,beta
TTAGTCTAGCTGTACT-1,endothelial-mesenchymal
TTAGTCTGTAAGTTGA-1,beta
TTAGTCTGTACAAAGT-1,beta
TTCAATCGTCCTGGTG-1,beta
TTCAGGACAGTATTCG-1,endothelial-mesenchymal
TTCATGTTCACTGTCC-1,beta
TTCATTGAGGGTTAAT-1,endothelial-mesenchymal
TTCCGGTAGTCGCTAT-1,alpha
TTCCGTGTCATTCGTT-1,beta
TTCCGTGTCTCTATGT-1,beta
TTCCTAAGTTGCATTG-1,endothelial-mesenchymal
TTCCTAATCACAGAGG-1,beta
TTCCTTCCACGTCATA-1,alpha
TTCGATTGTCAGTCCG-1,endothelial-mesenchymal
TTCGGTCGTCCAATCA-1,beta
TTCTAACCAGGTGAGT-1,beta
TTCTAGTGTGTGACCC-1,macrophage
TTCTGTACAAACCGGA-1,beta
TTGAACGGTTTATGCG-1,beta
TTGACCCAGTGAGGCT-1,endothelial-mesenchymal
TTGAGTGAGCATAGGC-1,beta
TTGAGTGCACAACATC-1,beta
TTGAGTGGTTATTCTC-1,beta
TTGAGTGTCGGCTGGT-1,beta
TTGATGGCAAGGTCTT-1,beta
TTGATGGTCGCCAACG-1,beta
TTGATGGTCGGCAGTC-1,alpha
TTGCATTCATGACTAC-1,beta
TTGCCTGGTGGTCTTA-1,beta
TTGCCTGTCCCAGGCA-1,beta
TTGCGTCGTTGAAGTA-1,beta
TTGCTGCGTAGTTAGA-1,beta
TTGCTGCGTCAAAGAT-1,beta
TTGGATGAGAGAACCC-1,beta
TTGGATGCAAAGGCGT-1,macrophage
TTGGATGCAGCGAACA-1,gamma
TTGGATGGTCGCTGCA-1,beta
TTGGATGTCCTGTAAG-1,endothelial-mesenchymal
TTGGGTAAGTGCAGGT-1,endothelial-mesenchymal
TTGTGGAGTCGAATGG-1,gamma
TTGTTGTAGAGTAACT-1,beta
TTGTTGTGTTCTAAGC-1,beta
TTGTTTGGTTCGGTCG-1,beta
TTTACCATCTCGGTAA-1,beta
TTTACGTCAAACTCGT-1,beta
TTTACGTGTACCAGAG-1,beta
TTTACTGGTACTCAAC-1,beta
TTTAGTCTCCGTGTGG-1,beta
TTTAGTCTCTTACGGA-1,beta
TTTCACACATTCGGGC-1,beta
TTTCAGTTCTTCGGTC-1,beta
TTTCATGCATACCATG-1,beta
TTTCGATCAAGAGTTA-1,macrophage
TTTGACTAGACAGCGT-1,alpha
TTTGGTTAGGAGAGGC-1,delta+epsilon
TTTGGTTTCGCAATTG-1,beta
