barcode,celltype
AAACCCAAGGATTCAA-1,Delta
AAACGAACATATACCG-1,Beta
AAACGAATCATCGGGC-1,Beta
AAACGCTCAGGTTCAT-1,Endothelial/Mesnchymal
AAACGCTTCCATACAG-1,Beta
AAAGAACCACTGTCGG-1,Beta
AAAGGGCCAGTCTCTC-1,Beta
AAAGGTAGTCAACATC-1,Beta
AAAGTGAAGCAAGGAA-1,Beta
AAATGGATCTCTAAGG-1,Beta
AACAAAGGTACAGAAT-1,Beta
AACAAAGGTCATCAGT-1,Beta
AACAAAGGTCTAGATC-1,Beta
AACAAAGGTGTTAAAG-1,Beta
AACAAAGTCTTCTTCC-1,Beta
AACAACCAGTAACAGT-1,Endothelial/Mesnchymal
AACAAGATCAAACCTG-1,Beta
AACACACAGGACAACC-1,Beta
AACACACTCATTCGGA-1,Beta
AACAGGGAGTCTCCTC-1,Beta
AACAGGGCAGGTTCGC-1,Beta
AACCACAGTATGAAGT-1,Beta
AACCTGAGTGGTGATG-1,Macrophage
AACCTGATCAGCCTTC-1,Beta
AACCTTTAGTGCCAGA-1,Beta
AACCTTTTCGTACACA-1,Beta
AACGAAAGTGGATCAG-1,Beta
AACGAAATCATTGTTC-1,Beta
AACGAAATCCTGTTGC-1,Beta
AACGGGAAGTACCATC-1,Beta
AACGGGAGTGGATTTC-1,Beta
AACGTCACAATGGGTG-1,Beta
AACGTCACAGAGTCAG-1,Beta
AACTTCTCAATCGCAT-1,Beta
AACTTCTGTCAAGCGA-1,Beta
AACTTCTGTGTTCGTA-1,Delta
AACTTCTTCCCGGTAG-1,Beta
AAGAACACAACTAGAA-1,Beta
AAGAACATCATGGTAC-1,Beta
AAGACAACAGTAGAGC-1,Beta
AAGACTCAGTGATAAC-1,Beta
AAGACTCTCATCTGTT-1,Beta
AAGCATCGTGAGTCAG-1,Beta
AAGCCATCAATGGGTG-1,Beta
AAGCGAGTCACGGAGA-1,Beta
AAGCGAGTCGGTCGAC-1,Beta
AAGCGTTAGCTTTCTT-1,Beta
AAGCGTTTCACCTCAC-1,Beta
AAGCGTTTCCAATCCC-1,Beta
AAGGAATAGGATACGC-1,Beta
AAGGAATGTCCGACGT-1,Beta
AAGGTAATCCTCTAGC-1,Beta
AAGTACCAGCATGAAT-1,Beta
AAGTGAACATCGGCCA-1,Beta
AAGTTCGAGAACCGCA-1,Beta
AAGTTCGAGATAGCAT-1,Alpha
AATAGAGTCCGATTAG-1,Beta
AATCGACAGTTGTCGT-1,Beta
AATCGACCAAGTATAG-1,Beta
AATCGACCATCCGTGG-1,Beta
AATCGTGCACTTGGCG-1,Beta
AATCGTGGTACAACGG-1,Beta
AATGACCAGGAGACCT-1,Beta
AATGGCTAGGAACGTC-1,Beta
AATGGCTAGTTACGGG-1,Beta
AATGGCTGTCGTATTG-1,Beta
AATGGCTTCCGCGATG-1,Beta
AATTCCTCAAGGCCTC-1,Beta
AATTCCTCACTAGGTT-1,Beta
AATTTCCAGACCACGA-1,Beta
AATTTCCGTGACCGTC-1,Beta
AATTTCCTCACGGACC-1,Beta
ACAACCATCGTGTTCC-1,Beta
ACAAGCTCAAAGGCTG-1,Macrophage
ACACAGTCATAGAGGC-1,Beta
ACACCAAAGACAGCGT-1,Beta
ACACCAACACTTTATC-1,Beta
ACACCAATCGTCGGGT-1,Beta
ACATCCCTCGCGCCAA-1,Beta
ACATCGAAGGGATGTC-1,Beta
ACATCGACACCGTACG-1,Beta
ACATCGAGTCTGATAC-1,Beta
ACATCGATCATGCCGG-1,Beta
ACCAAACAGTATGAGT-1,Alpha
ACCACAATCGTAACTG-1,Beta
ACCATTTCAGAGGCTA-1,Beta
ACCCAAAGTCGTTGGC-1,Beta
ACCCTCACACAGCTTA-1,Beta
ACCCTTGGTAGAGACC-1,Beta
ACCCTTGTCCATTGGA-1,Beta
ACCGTTCAGTGAGTTA-1,Beta
ACGATGTCACAGGATG-1,Alpha
ACGATGTTCACGGGCT-1,Beta
ACGATGTTCCTGTACC-1,Beta
ACGATGTTCGTGAGAG-1,Beta
ACGATGTTCTAAGCGT-1,Beta
ACGCACGGTCATAGTC-1,Beta
ACGGAAGCATTCGATG-1,Beta
ACGGTCGAGGTGCATG-1,Endothelial/Mesnchymal
ACGGTCGCAATCCAGT-1,Beta
ACGGTCGGTACTCAAC-1,Beta
ACGGTTAAGGTCATTC-1,Beta
ACGGTTACATGGGATG-1,Beta
ACGGTTATCTGATTCT-1,Beta
ACGGTTATCTTTGCGC-1,Beta
ACGTAACCATGACGGA-1,Beta
ACGTCCTCATATACCG-1,Beta
ACGTTCCAGGGATCGT-1,Beta
ACGTTCCGTACACGTT-1,Beta
ACTACGAGTATTAAGG-1,Beta
ACTACGAGTCTTTCAT-1,Beta
ACTATCTGTCCGAAGA-1,Delta
ACTATCTGTGATTCTG-1,Alpha
ACTATTCTCGCTTACC-1,Beta
ACTCTCGAGAGAACCC-1,Beta
ACTCTCGAGTAACGAT-1,Macrophage
ACTCTCGCATCGCTCT-1,Beta
ACTGATGAGCGCGTTC-1,Beta
ACTGATGAGTTGTACC-1,Beta
ACTGTGAAGCCTCACG-1,Beta
ACTGTGAGTCCGAAAG-1,Beta
ACTTATCCACTCCTTG-1,Beta
ACTTCGCTCCCTTGTG-1,Beta
ACTTCGCTCGCCTATC-1,Beta
ACTTTCAGTCCTCCTA-1,Beta
ACTTTCAGTGATACTC-1,Beta
ACTTTGTAGAGTCCGA-1,Beta
ACTTTGTTCAGTGATC-1,Beta
AGAACCTCAGAAGCTG-1,Beta
AGAAGTAAGTTGTCGT-1,Beta
AGAAGTAGTTGCGGCT-1,Beta
AGAAGTATCGAGCCAC-1,Beta
AGAAGTATCTTCACGC-1,Endothelial/Mesnchymal
AGACAAACATAACCCA-1,Beta
AGACACTGTGCGGTAA-1,Beta
AGACAGGAGATGATTG-1,Beta
AGACAGGCACCGTGCA-1,Beta
AGACCATGTACTTGTG-1,Beta
AGACCATGTCATCTAG-1,Beta
AGACCATGTCTACACA-1,Beta
AGACCATGTTCACCGG-1,Beta
AGACTCACAAATCAAG-1,Delta
AGAGCAGAGCCTATTG-1,Beta
AGAGCCCCATTAAGCC-1,Beta
AGAGCCCGTATCTTCT-1,Beta
AGATAGATCGACCTAA-1,Beta
AGATCCACATACGCAT-1,Beta
AGATCCAGTCATCAGT-1,Beta
AGATCGTCACTCCCTA-1,Beta
AGATCGTCATCAGTCA-1,Beta
AGATCGTCATTCGGGC-1,Alpha
AGATGAACACCGAATT-1,Beta
AGATGAAGTCTTCCGT-1,Beta
AGATGAAGTTCTAACG-1,Beta
AGCATCACAGTTCTAG-1,Beta
AGCCAATAGCCGTTAT-1,Beta
AGCCAATTCTTTCGAT-1,Beta
AGCCACGAGGTTATAG-1,Beta
AGCCAGCTCCACATAG-1,Beta
AGCGATTAGCCAAGGT-1,Beta
AGCGATTTCTCTCTAA-1,Beta
AGCGCCAAGACGCATG-1,Beta
AGCGCCAAGCTGACTT-1,Beta
AGCGCTGGTCCATCTC-1,Beta
AGCGCTGTCTGTGCTC-1,Beta
AGCGTATAGAAGTCAT-1,Beta
AGCGTCGGTATCGCAT-1,Beta
AGCTCAAAGCGCTGAA-1,Delta
AGCTCAATCAGTGGGA-1,Beta
AGCTTCCTCGTGACTA-1,Beta
AGGAAATAGATTAGCA-1,Beta
AGGAAATCACGCGTCA-1,Beta
AGGAATAAGTGCAAAT-1,Beta
AGGACGATCTGTCCCA-1,Beta
AGGACTTAGGCCCAAA-1,Beta
AGGATAAAGCATTTGC-1,Beta
AGGATCTGTCAGGCAA-1,Beta
AGGCATTGTAACTGCT-1,Beta
AGGCTGCTCGTTGTTT-1,Beta
AGGGAGTCATCACCAA-1,Beta
AGGGAGTGTGTGATGG-1,Beta
AGGGAGTGTTGTTTGG-1,Beta
AGGGCTCGTCTTGCGG-1,Beta
AGGGCTCTCGGAGTAG-1,Beta
AGGGCTCTCTGGACTA-1,Beta
AGGGTCCGTGAGCCAA-1,Beta
AGGGTCCGTGATGTAA-1,Beta
AGGGTGAAGATACCAA-1,Beta
AGGGTGACATCTTCGC-1,Beta
AGGGTGATCCGAGGCT-1,Beta
AGGGTGATCTGCCTGT-1,Beta
AGGGTTTGTCAGGCAA-1,Beta
AGGGTTTTCAACACCA-1,Beta
AGGTAGGTCTCATAGG-1,Beta
AGGTCATAGCGTCTGC-1,Beta
AGGTCATCAGTTTCAG-1,Alpha
AGGTCATGTCGAACAG-1,Beta
AGGTCTAAGTATGGCG-1,Beta
AGGTTACCAGTAGTTC-1,Endothelial/Mesnchymal
AGGTTGTAGCAGAAAG-1,Beta
AGGTTGTAGGTCCCTG-1,Beta
AGGTTGTCAACCCGCA-1,Beta
AGGTTGTCACCCGTAG-1,Endothelial/Mesnchymal
AGGTTGTTCGGCCCAA-1,Beta
AGTAACCTCATGGCCG-1,Endothelial/Mesnchymal
AGTACCACAGACCCGT-1,Beta
AGTACCAGTTGACGGA-1,Beta
AGTACCATCCTGCTAC-1,Beta
AGTACTGTCAGGAGAC-1,Delta
AGTAGCTAGTCATACC-1,Beta
AGTAGCTTCCATTGTT-1,Beta
AGTAGCTTCCTCATAT-1,Beta
AGTAGTCCATTGACAC-1,Beta
AGTAGTCGTCTCCCTA-1,Beta
AGTCAACAGTAGACCG-1,Beta
AGTCAACTCAGACAAA-1,Beta
AGTCATGAGCTGGTGA-1,Beta
AGTCATGCACTACCGG-1,Beta
AGTCATGCACTACGGC-1,Delta
AGTCATGCAGTCCCGA-1,Beta
AGTCATGTCCATGAGT-1,Beta
AGTCTCCAGTATGATG-1,Beta
AGTGACTAGGCACGAT-1,Macrophage
AGTGACTGTCAATGGG-1,Beta
AGTGACTTCTGAGAAA-1,Alpha
AGTGATCCACCTCGTT-1,Beta
AGTGATCGTTTACGTG-1,Beta
AGTTAGCAGGGACACT-1,Beta
AGTTCCCCAATTGAGA-1,Endothelial/Mesnchymal
AGTTCGAAGATTACCC-1,Beta
AGTTCGATCATTCATC-1,Beta
ATACCGAAGATTCGAA-1,Beta
ATACCGAAGTCTCTGA-1,Beta
ATACTTCAGCCATTGT-1,Beta
ATAGACCCACACGCCA-1,Beta
ATAGACCCACTCCACT-1,Beta
ATAGACCGTTGCTCCT-1,Beta
ATAGACCTCGTACCTC-1,Beta
ATAGAGACAAGGCTTT-1,Alpha
ATAGAGATCTGCCTCA-1,Beta
ATAGGCTCATCGATGT-1,Beta
ATATCCTAGCCAGTAG-1,Beta
ATATCCTCAGCAAGAC-1,Beta
ATCACAGGTGGTGATG-1,Beta
ATCACGAAGCGTGAGT-1,Beta
ATCACTTAGCAGGCAT-1,Beta
ATCACTTCAAGTGCTT-1,Beta
ATCAGGTCAACTGATC-1,Delta
ATCAGGTCACCTGAAT-1,Beta
ATCATTCTCTACTATC-1,Beta
ATCCACCTCTTACCAT-1,Beta
ATCCATTTCGACCCAG-1,Beta
ATCCGTCGTCCTGGTG-1,Beta
ATCCGTCTCGCAGTTA-1,Beta
ATCCTATCAAGTCCCG-1,Beta
ATCCTATTCTGCCTCA-1,Gamma
ATCGGATGTATGCTTG-1,Macrophage
ATCGGCGGTGATGTAA-1,Beta
ATCGGCGTCCCTCTCC-1,Beta
ATCGTCCCATCCGGCA-1,Beta
ATCGTGAAGTTCATGC-1,Alpha
ATCGTGAGTGATACCT-1,Endothelial/Mesnchymal
ATCGTGAGTGTCTTGA-1,Beta
ATCTCTATCGTGACTA-1,Beta
ATCTTCAGTATTCCTT-1,Macrophage
ATCTTCATCTAGACCA-1,Alpha
ATGAAAGAGTGCACTT-1,Beta
ATGAAAGCATGAGTAA-1,Beta
ATGAAAGTCTGGCCTT-1,Beta
ATGAGGGAGCACCTGC-1,Beta
ATGAGGGTCTTGCGCT-1,Beta
ATGAGTCAGGTCCTGC-1,Beta
ATGAGTCCAGTAGTGG-1,Beta
ATGAGTCGTTCTAAGC-1,Beta
ATGAGTCTCAGCTAGT-1,Beta
ATGATCGGTGCATTAC-1,Beta
ATGCATGCATTCGGGC-1,Endothelial/Mesnchymal
ATGCCTCCAAGTGCTT-1,Beta
ATGCCTCCAGACAAAT-1,Beta
ATGCCTCGTCCAGCCA-1,Beta
ATGCCTCTCCCTCTAG-1,Beta
ATGCGATGTACTTGTG-1,Beta
ATGCGATTCCGGCAGT-1,Beta
ATGCGATTCCTTCTGG-1,Gamma
ATGGAGGAGGTTTACC-1,Beta
ATGGATCAGAGCCTGA-1,Beta
ATGGATCAGGCTGGAT-1,Beta
ATGGATCGTTCGGGTC-1,Beta
ATGGGTTAGTAACCTC-1,Beta
ATGGGTTCACCAGACC-1,Beta
ATGGTTGTCTTCGGAA-1,Beta
ATGTCTTAGCGTATAA-1,Beta
ATGTCTTTCGATAACC-1,Beta
ATTACCTGTGAGCGAT-1,Beta
ATTACTCAGAGGTCAC-1,Beta
ATTACTCCAGAGTTCT-1,Beta
ATTACTCCATGTTCGA-1,Beta
ATTCACTAGTGTACAA-1,Beta
ATTCATCAGGTAGACC-1,Beta
ATTCCATCAATGCAGG-1,Beta
ATTCCATGTGCACAAG-1,Beta
ATTCCCGAGTTTGCTG-1,Beta
ATTCCTAAGTTTAGGA-1,Beta
ATTCCTACACCATATG-1,Beta
ATTCCTAGTGAACCGA-1,Beta
ATTCGTTGTGTGATGG-1,Beta
ATTCTACCAAATGATG-1,Beta
ATTCTTGCAGGTATGG-1,Beta
ATTGTTCCAACTGCTA-1,Beta
ATTTACCGTATAATGG-1,Beta
ATTTACCGTGGCCACT-1,Alpha
ATTTCTGCACATCCCT-1,Beta
ATTTCTGCACCCTAGG-1,Beta
ATTTCTGGTAACGGTG-1,Beta
ATTTCTGGTGCTTCAA-1,Beta
CAAAGAATCGGTATGT-1,Beta
CAACAACAGACTCCGC-1,Beta
CAACCTCAGGCGACAT-1,Beta
CAACGATCATGGCACC-1,Beta
CAACGGCCACCGTACG-1,Beta
CAAGACTTCGGTGAAG-1,Beta
CAAGAGGAGAAACCCG-1,Beta
CAAGAGGAGACATGCG-1,Alpha
CAAGAGGAGCACTCGC-1,Beta
CAAGCTAGTAGGACCA-1,Beta
CAAGCTATCCCTTGTG-1,Beta
CAAGGGACAGGTCCGT-1,Beta
CAAGGGAGTGACATCT-1,Beta
CAATCGACAATGCTCA-1,Beta
CAATCGACACTGTCGG-1,Beta
CAATCGATCCCGAGGT-1,Beta
CAATGACCAAGGATGC-1,Beta
CAATGACCATCCGCGA-1,Endothelial/Mesnchymal
CACAACATCGTCACCT-1,Beta
CACACAAAGTTCCGTA-1,Beta
CACACAAGTTCCGCAG-1,Beta
CACAGGCTCGACACTA-1,Beta
CACATGAGTGATCATC-1,Beta
CACCAAAAGCATCGAG-1,Beta
CACCGTTAGCGTGAAC-1,Beta
CACGGGTGTACTGCGC-1,Beta
CACGGGTGTTCGGCCA-1,Beta
CACGTGGAGCATGAAT-1,Beta
CACGTGGAGCCTGAGA-1,Beta
CACGTGGGTTGTAGCT-1,Beta
CACGTTCAGCGTCAAG-1,Beta
CACTAAGAGACATGCG-1,Beta
CACTAAGCAAACAGGC-1,Beta
CACTAAGTCTGACCCT-1,Beta
CACTGAAGTCACTCGG-1,Beta
CACTGAATCTGTTCAT-1,Alpha
CACTGGGAGTCACGCC-1,Beta
CACTGGGTCGTGGCGT-1,Beta
CACTGTCGTATGCAAA-1,Beta
CACTGTCGTTCCGCGA-1,Beta
CACTTCGTCTTCGCTG-1,Beta
CAGAGCCGTAGCTGTT-1,Macrophage
CAGATCAAGGGCCTCT-1,Delta
CAGATCACATAATGAG-1,Beta
CAGATTGTCGGTAGGA-1,Beta
CAGCACGAGAGCCCAA-1,Beta
CAGCACGAGGTCATCT-1,Beta
CAGCACGCAACAAGTA-1,Beta
CAGCCAGTCCAGTTCC-1,Beta
CAGCGTGGTATTGAGA-1,Beta
CAGCGTGGTCAAAGTA-1,Beta
CAGCGTGTCGCAAGAG-1,Beta
CAGGCCACAACCAACT-1,Beta
CAGTTAGAGCATAGGC-1,Beta
CAGTTAGTCAGCGTCG-1,Beta
CAGTTCCAGCATTTCG-1,Beta
CAGTTCCAGCGTACAG-1,Beta
CATACAGAGACCAGCA-1,Beta
CATACCCAGGAAGTGA-1,Beta
CATAGACAGTAAATGC-1,Beta
CATCCCAGTGGCATCC-1,Beta
CATCCCATCGTGCAGC-1,Beta
CATCCGTCAAACTGCT-1,Beta
CATCGCTTCAGTGATC-1,Beta
CATCGGGTCCGCACTT-1,Beta
CATCGTCAGAGTCTTC-1,Beta
CATCGTCGTGGTAACG-1,Beta
CATCGTCTCTAGTACG-1,Beta
CATGAGTAGCACGGAT-1,Beta
CATGAGTCATTGCCGG-1,Beta
CATGCAACAGAGATTA-1,Beta
CATGCCTAGATCACTC-1,Beta
CATGCCTAGTATAGGT-1,Beta
CATGCCTGTATACGGG-1,Beta
CATGCCTGTCCCGCAA-1,Ductal
CATGCCTTCATGCCAA-1,Beta
CATGCGGGTGATACCT-1,Beta
CATGCGGTCCATCACC-1,Alpha
CATGCTCAGATAGGGA-1,Gamma
CATGCTCCACCGCTGA-1,Beta
CATGGATCAGACAAAT-1,Beta
CATGGATGTAACGATA-1,Beta
CATGGTAGTAAGATCA-1,Beta
CATGGTAGTTCATCTT-1,Beta
CATTCATAGACCTCCG-1,Beta
CATTCATAGTAGTCAA-1,Beta
CATTCCGGTCACGCTG-1,Macrophage
CATTCCGTCGCTAAAC-1,Beta
CATTCCGTCTGGCCAG-1,Beta
CATTCTAAGGGCAGGA-1,Beta
CATTGCCGTTACACAC-1,Beta
CATTGTTCAAGATGGC-1,Beta
CATTGTTCAGCATTGT-1,Beta
CATTGTTTCGCTCCTA-1,Beta
CATTTCATCAAGTTGC-1,Beta
CCAAGCGAGTGTAGAT-1,Beta
CCAATGAGTACGACAG-1,Beta
CCAATGAGTACGGGAT-1,Macrophage
CCAATGAGTTCTCCTG-1,Beta
CCAATGATCCGCAAAT-1,Beta
CCACAAACATCAGCTA-1,Beta
CCACACTCATGGATCT-1,Beta
CCACCATAGCTGAAAT-1,Beta
CCACCATCAATGTCTG-1,Beta
CCACGAGCAAATCGTC-1,Gamma
CCACGTTTCAGCCCAG-1,Macrophage
CCACGTTTCGATTTCT-1,Beta
CCACTTGGTTCCGCAG-1,Beta
CCCAACTTCACTGTCC-1,Beta
CCCATTGTCTTGCGCT-1,Beta
CCCGAAGCACTACACA-1,Beta
CCCGAAGGTGTCCGTG-1,Beta
CCCGGAAAGTGCCAGA-1,Beta
CCCGGAAGTTTACGAC-1,Beta
CCCTAACAGAGGTCGT-1,Beta
CCCTAACAGGGAGTGG-1,Beta
CCCTAACCACTACAGT-1,Beta
CCCTCAAGTTTGTTCT-1,Beta
CCCTCAATCACTCGAA-1,Beta
CCCTCTCAGCACTCCG-1,Beta
CCCTCTCCAACAAGTA-1,Beta
CCCTCTCGTCACGACC-1,Beta
CCCTGATGTATGAAGT-1,Beta
CCCTGATGTGTAAATG-1,Beta
CCCTTAGCACCAAATC-1,Beta
CCGAACGCAACACGTT-1,Beta
CCGATCTTCGCAACAT-1,Beta
CCGATGGCACATATGC-1,Beta
CCGCAAGAGCCTGTGC-1,Beta
CCGGGTAAGGTCACTT-1,Beta
CCGGGTATCATTTGTC-1,Beta
CCGGTAGCACCTCTAC-1,Beta
CCGGTAGCAGCACACC-1,Beta
CCGGTGAGTCGTATGT-1,Macrophage
CCGTAGGTCCACCCTA-1,Beta
CCGTTCAGTTGTCAGT-1,Beta
CCGTTCATCACGATCA-1,Beta
CCTAACCCACATATGC-1,Beta
CCTAACCCATTGTAGC-1,Beta
CCTAACCTCTCCCATG-1,Beta
CCTAAGACAATCTGCA-1,Beta
CCTAAGACACTATCGA-1,Beta
CCTACGTCAGAATCGG-1,Beta
CCTATCGTCCGTCAAA-1,Beta
CCTCAACCAAGTTTGC-1,Beta
CCTCAACCAGTTTGGT-1,Beta
CCTCACAAGACCGTTT-1,Beta
CCTCACAAGAGTGTGC-1,Beta
CCTCACAAGTGCAGCA-1,Beta
CCTCACAAGTTGGAGC-1,Beta
CCTCAGTCAGAGTTCT-1,Beta
CCTCCAACAGGATGAC-1,Beta
CCTCCTCAGTAGCTCT-1,Beta
CCTCCTCTCCTCACCA-1,Beta
CCTGCATCAGATTAAG-1,Beta
CCTGCATGTCCTATAG-1,Beta
CGAAGGAAGCGCCTCA-1,Beta
CGAAGGACAAATGCTC-1,Beta
CGAAGGAGTGGCCCAT-1,Beta
CGAAGTTGTCGCTCGA-1,Beta
CGAAGTTTCTCACTCG-1,Beta
CGAATTGCAGGTGTGA-1,Beta
CGAATTGGTCAATCTG-1,Beta
CGAATTGGTTCAAACC-1,Beta
CGACAGCTCATTGTGG-1,Beta
CGAGAAGAGCACACAG-1,Beta
CGAGAAGAGCATGCAG-1,Beta
CGAGAAGAGGCTCCCA-1,Beta
CGAGAAGCACCAGTTA-1,Delta
CGAGAAGTCCTTCGAC-1,Beta
CGAGGAAAGTTCATCG-1,Beta
CGAGGAACATATGAAG-1,Macrophage
CGAGGCTAGACATATG-1,Beta
CGAGGCTGTTGCATAC-1,Beta
CGAGTGCCAACTCCCT-1,Beta
CGAGTTAAGTACCCTA-1,Beta
CGATCGGCAAACTAAG-1,Beta
CGATGCGTCGGAGCAA-1,Beta
CGATGGCCACTCACTC-1,Beta
CGATGGCGTGACTGAG-1,Beta
CGCAGGTGTCAGCTTA-1,Beta
CGCAGGTTCTTCTGTA-1,Beta
CGCCAGACACCAGGTC-1,Beta
CGCCAGAGTTGCATAC-1,Ductal
CGCCATTTCCCTCTTT-1,Beta
CGCGTGAAGGTAAAGG-1,Alpha
CGGAACCTCAGTGGGA-1,Beta
CGGAATTCAGCGTTGC-1,Beta
CGGAATTTCGCTGCGA-1,Beta
CGGACACAGCTCGCAC-1,Beta
CGGAGAATCGCCTTTG-1,Beta
CGGAGAATCGGACTTA-1,Beta
CGGCAGTAGATCCCAT-1,Beta
CGGCAGTCAGTCTACA-1,Beta
CGGGACTGTGATGTAA-1,Beta
CGGGACTGTTCACGAT-1,Beta
CGGGACTTCGCCGAAC-1,Beta
CGGGCATAGCCGAACA-1,Beta
CGGGCATCAATCCTTT-1,Beta
CGGGTCAGTGTGAGCA-1,Beta
CGGGTCAGTTTGGGAG-1,Beta
CGGGTGTCACGGTAGA-1,Beta
CGTAAGTCAGTGGGTA-1,Beta
CGTAATGTCCGATTAG-1,Beta
CGTAGTAAGTACCGGA-1,Beta
CGTAGTACACAGAGAC-1,Beta
CGTCAAACAAGCGAGT-1,Beta
CGTCCATCACCATTCC-1,Beta
CGTCCATCAGACCTAT-1,Beta
CGTCCATGTGGGACAT-1,Beta
CGTCCATTCAGCGTCG-1,Beta
CGTGAATCACTGGATT-1,Beta
CGTGAATGTATCAGCT-1,Beta
CGTGATACACATACTG-1,Beta
CGTGATACATTCATCT-1,Beta
CGTGCTTCAAGTAGTA-1,Beta
CGTGCTTCACAAAGTA-1,Beta
CGTGCTTGTAAGCTCT-1,Beta
CGTGTCTAGTCCGCGT-1,Beta
CGTGTCTCACGTTCGG-1,Endothelial/Mesnchymal
CGTGTCTGTGCATTTG-1,Beta
CGTTAGAAGGGATCAC-1,Beta
CGTTAGACAGCTATAC-1,Beta
CGTTCTGGTTGCTCGG-1,Macrophage
CGTTCTGTCGTCGATA-1,Beta
CGTTGGGCAGTGGCTC-1,Beta
CTAACCCTCTCCAAGA-1,Beta
CTAAGTGGTAAGATCA-1,Beta
CTACAGACAGAGCTAG-1,Beta
CTACAGAGTAGAGATT-1,Macrophage
CTACATTGTGTCTTAG-1,Beta
CTACCCACAATGGGTG-1,Beta
CTACCTGAGTAGAGTT-1,Beta
CTACCTGCACTGAGTT-1,Beta
CTACGGGAGTCAGCCC-1,Beta
CTACGGGGTGATAGTA-1,Beta
CTACGGGTCACTGAAC-1,Beta
CTACTATGTGTTAAAG-1,Beta
CTAGACACACGCTGTG-1,Beta
CTAGGTACATCGGTTA-1,Beta
CTAGGTATCAACGTGT-1,Beta
CTATAGGTCCTACAAG-1,Beta
CTATCCGCACGATTCA-1,Beta
CTATCCGCATCATGAC-1,Beta
CTATCCGGTCGTTCAA-1,Beta
CTCAACCCAGACAAAT-1,Beta
CTCAAGACACTTACAG-1,Beta
CTCAATTTCCAACCAA-1,Beta
CTCAATTTCCGAAATC-1,Beta
CTCACTGAGGAGATAG-1,Beta
CTCACTGCACTCCACT-1,Beta
CTCACTGTCGCCAGAC-1,Beta
CTCAGAACACAAATAG-1,Beta
CTCAGAATCGTGTCAA-1,Alpha
CTCAGGGAGGGATGTC-1,Beta
CTCAGGGGTTCTCCCA-1,Endothelial/Mesnchymal
CTCAGTCCATTCAGCA-1,Beta
CTCATCGAGACAACTA-1,Beta
CTCATCGCATATGCGT-1,Beta
CTCATCGGTCGTCGGT-1,Beta
CTCATGCGTCAGTCTA-1,Beta
CTCATGCTCTTCCGTG-1,Beta
CTCATTAAGGCTCAAG-1,Alpha
CTCCAACAGTATTGCC-1,Beta
CTCCACACAGCCTACG-1,Beta
CTCCACAGTGTAGCAG-1,Beta
CTCCATGCACAGTCAT-1,Beta
CTCCCAACATGACAGG-1,Beta
CTCCCTCCAATCGTCA-1,Beta
CTCCCTCCAATGTCAC-1,Beta
CTCCGATTCTCGAGTA-1,Beta
CTCCTCCAGGATTTGA-1,Beta
CTCCTCCCAAACTCTG-1,Beta
CTCCTCCCATATACCG-1,Beta
CTCCTCCGTATCATGC-1,Beta
CTCCTCCGTATTGGCT-1,Beta
CTCCTCCTCGAGTACT-1,Beta
CTCCTCCTCGTGCATA-1,Beta
CTCCTTTAGTCCGCGT-1,Beta
CTCGAGGCAGCCCAGT-1,Beta
CTCGAGGGTCCGCAGT-1,Beta
CTCGAGGGTGTATACC-1,Beta
CTCTCGAAGGGATCGT-1,Beta
CTCTCGAGTGCCTACG-1,Beta
CTCTCGAGTGGTCTCG-1,Beta
CTCTCGAGTTGTGTAC-1,Beta
CTCTCGATCAAGTCGT-1,Beta
CTGAATGAGTACCGGA-1,Beta
CTGAATGGTGCTATTG-1,Beta
CTGAATGTCAAACCCA-1,Beta
CTGAGCGCAATGTTGC-1,Beta
CTGAGGCAGGCATCAG-1,Beta
CTGATCCCACTGTCCT-1,Beta
CTGATCCGTGGAGGTT-1,Beta
CTGCAGGGTCATAGTC-1,Ductal
CTGCCATAGCGTCGAA-1,Beta
CTGCCATTCCTTGGAA-1,Beta
CTGCCTAAGCTGGCTC-1,Beta
CTGCGAGAGCGAGAAA-1,Beta
CTGCGAGCACGGTCTG-1,Beta
CTGCTCATCTTTCCAA-1,Beta
CTGGACGCATGAAGCG-1,Beta
CTGGACGGTATCTCTT-1,Beta
CTGGCAGTCCCAGTGG-1,Beta
CTGGTCTTCGTTAGAC-1,Beta
CTGTACCCATGTTCAG-1,Beta
CTGTATTCACCGTCTT-1,Beta
CTGTCGTAGAGATGCC-1,Beta
CTGTGAACACACTTAG-1,Beta
CTGTGAAGTTTGATCG-1,Beta
CTGTGAATCGATGCAT-1,Beta
CTGTGGGGTCTTAGTG-1,Beta
CTTACCGGTACTCGCG-1,Beta
CTTACCGGTTGGATCT-1,Beta
CTTAGGAAGAGTGACC-1,Macrophage
CTTAGGAAGTACCATC-1,Beta
CTTAGGAAGTGTAGAT-1,Beta
CTTCAATAGGAGCTGT-1,Beta
CTTCAATCAAACCATC-1,Beta
CTTCAATTCCATAAGC-1,Beta
CTTCCGACACAAATAG-1,Beta
CTTCCGACATGACGAG-1,Beta
CTTCCGAGTGCTCTTC-1,Beta
CTTCCTTGTCATTGCA-1,Beta
CTTCTAACAACCGGAA-1,Beta
CTTCTAACAGACACCC-1,Beta
CTTCTAAGTCTCAAGT-1,Endothelial/Mesnchymal
CTTGATTCAGGTTCAT-1,Beta
CTTGATTGTCGAATGG-1,Beta
CTTTCAAAGGCACTCC-1,Beta
CTTTCGGTCGCGCCAA-1,Beta
GAAACCTCAATAAGGT-1,Alpha
GAAACCTGTAGAGACC-1,Beta
GAAACCTGTTAACAGA-1,Beta
GAAACCTTCAGACAAA-1,Beta
GAAATGAAGAGTCAGC-1,Beta
GAAATGATCGTAGTGT-1,Beta
GAACGTTCAGGCACAA-1,Beta
GAACTGTAGAGTCAGC-1,Alpha
GAACTGTCATACCATG-1,Beta
GAACTGTGTGTGTACT-1,Beta
GAAGAATGTATCACGT-1,Beta
GAAGCCCCAAATTAGG-1,Beta
GAAGCGAAGTATGGCG-1,Beta
GAAGCGATCATTGTTC-1,Beta
GAAGCGATCTCGTGAA-1,Beta
GAAGTAATCTTTGGAG-1,Beta
GAATAGACAACGGCCT-1,Beta
GAATAGACACAGCCTG-1,Beta
GAATAGACAGCTGGTC-1,Beta
GAATCACCAAGATTGA-1,Beta
GACACGCTCCTAAACG-1,Beta
GACAGCCCAATCCTTT-1,Beta
GACATCACAGAGTGAC-1,Beta
GACATCAGTCTGTGTA-1,Beta
GACCAATGTTGGAGGT-1,Beta
GACCAATTCACTCCGT-1,Endothelial/Mesnchymal
GACCCAGAGCAACCAG-1,Beta
GACCCAGTCGCCACTT-1,Beta
GACCCTTTCTCACCCA-1,Beta
GACCCTTTCTCCCTAG-1,Beta
GACCGTGCAACCTATG-1,Beta
GACCGTGTCTACACTT-1,Beta
GACCGTGTCTAGACAC-1,Beta
GACCTTCGTGCGAACA-1,Beta
GACGTTACACCAAAGG-1,Alpha
GACGTTACAGTCGAGA-1,Beta
GACGTTATCGATGGAG-1,Beta
GACTCAAAGCCGGAAT-1,Beta
GACTCAATCACCCATC-1,Beta
GACTCTCCAATGCAAA-1,Beta
GACTCTCTCAAATGCC-1,Beta
GACTGATAGCAGTACG-1,Beta
GACTGATAGCGCCTCA-1,Beta
GACTGATCAGACCTGC-1,Beta
GACTGATGTCGATTTG-1,Beta
GACTGATTCGTGGGAA-1,Beta
GACTGATTCTGGGCGT-1,Beta
GACTTCCGTGAAGCTG-1,Beta
GAGAAATTCTGTCTCG-1,Macrophage
GAGACTTTCTAGTCAG-1,Beta
GAGAGGTAGGATATGT-1,Beta
GAGAGGTAGTCCGCGT-1,Beta
GAGCCTGTCCCGTGAG-1,Beta
GAGCCTGTCTCGGCTT-1,Beta
GAGGCCTGTGTTAGCT-1,Beta
GAGGGATCACAATGCT-1,Beta
GAGGGTAAGGGACTGT-1,Beta
GAGGGTACAGCACCCA-1,Beta
GAGGGTAGTTTGAAAG-1,Beta
GAGTCATGTTGGCCTG-1,Beta
GAGTTACCAATCAAGA-1,Beta
GAGTTGTGTAGTGATA-1,Beta
GAGTTGTGTCTAGATC-1,Beta
GAGTTGTGTGTGTACT-1,Beta
GATAGCTGTCGCGGTT-1,Beta
GATCACAAGATGAACT-1,Beta
GATCACAAGTAATTGG-1,Beta
GATCACAGTAAGTTAG-1,Beta
GATCATGGTACTTGTG-1,Beta
GATCCCTGTGTACATC-1,Endothelial/Mesnchymal
GATCCCTTCCCTCTAG-1,Beta
GATCGTAAGAGAGGTA-1,Beta
GATGACTTCTTACGGA-1,Beta
GATGATCCAGACAAGC-1,Beta
GATGATCCAGTTACCA-1,Beta
GATGCTAAGCGGATCA-1,Beta
GATGCTAAGTGGCCTC-1,Beta
GATGCTATCGCATGAT-1,Beta
GATGTTGAGCTCATAC-1,Beta
GATTCGAAGTGTGTTC-1,Delta
GATTCTTTCAGGTAAA-1,Beta
GATTGGTGTTCAACGT-1,Beta
GATTGGTTCGACGCTG-1,Beta
GATTGGTTCGGCTGGT-1,Beta
GATTTCTTCCAAAGGG-1,Beta
GCAACATAGCCGTAAG-1,Beta
GCAACCGTCCCTTCCC-1,Alpha
GCACATAAGGATACCG-1,Beta
GCACGTGGTCGGAAAC-1,Beta
GCACGTGTCCTCTGCA-1,Beta
GCACTAAGTCCGACGT-1,Delta
GCAGCCAGTACAGCGA-1,Beta
GCAGCTGTCAAGCCGC-1,Beta
GCAGGCTCACGCACCA-1,Beta
GCAGTTAAGAGGTGCT-1,Beta
GCAGTTAAGGTCTGGA-1,Beta
GCATCGGCACGGTAGA-1,Beta
GCATCGGGTATGAAGT-1,Beta
GCATCGGGTCACATTG-1,Beta
GCATGATCAGTGGCTC-1,Beta
GCATGATGTGAGATAT-1,Beta
GCATGATGTGGCTCTG-1,Beta
GCATTAGAGGGCAGAG-1,Beta
GCATTAGTCATGCAGT-1,Beta
GCCAACGCACAGACGA-1,Beta
GCCAACGCAGACGATG-1,Beta
GCCAACGCAGAGTGAC-1,Beta
GCCAACGGTAGGCTCC-1,Beta
GCCAACGTCAAAGACA-1,Beta
GCCAGCACACTCACTC-1,Beta
GCCAGCATCTCTTCAA-1,Endothelial/Mesnchymal
GCCAGGTTCTCGTCAC-1,Beta
GCCAGTGCACTGCACG-1,Beta
GCCAGTGTCCTGTTAT-1,Beta
GCCATGGTCCGATCGG-1,Beta
GCCCAGAAGAGAGGGC-1,Beta
GCCCAGATCTATGTGG-1,Macrophage
GCCCGAAAGACATAGT-1,Alpha
GCCCGAACATTGGATC-1,Beta
GCCGATGTCTTACCGC-1,Beta
GCCGTGAAGTCATAGA-1,Beta
GCCTGTTAGAGTCTTC-1,Beta
GCGAGAAAGGGAGTGG-1,Beta
GCGATCGAGATGGCAC-1,Beta
GCGATCGCATTGAGGG-1,Alpha
GCGGAAACAGCTGCCA-1,Beta
GCGGAAAGTGGAAGTC-1,Alpha
GCGGAAATCTTCCTAA-1,Beta
GCGTGCAAGCATCAAA-1,Beta
GCGTGCACAATGAACA-1,Beta
GCGTGCATCACCATAG-1,Beta
GCGTGCATCCATTCGC-1,Beta
GCTACAACACACGTGC-1,Beta
GCTACCTGTAACCAGG-1,Endothelial/Mesnchymal
GCTACCTTCCGATCTC-1,Beta
GCTCAAAAGAATCGAT-1,Beta
GCTCAAAAGGAGCAAA-1,Beta
GCTCAAAGTCAACATC-1,Beta
GCTCAAAGTCCTGAAT-1,Alpha
GCTGAATTCGACCAAT-1,Beta
GCTGAATTCGTCTACC-1,Beta
GCTGCAGAGGCTCAAG-1,Beta
GCTGCAGCACACCTTC-1,Beta
GCTGGGTAGTTCTACG-1,Beta
GCTGGGTGTCAGTCCG-1,Beta
GCTGGGTGTGCACAAG-1,Beta
GCTTCACAGCATGATA-1,Alpha
GCTTCACGTGGACTAG-1,Beta
GCTTGGGCAGGAACCA-1,Beta
GCTTGGGTCACGTAGT-1,Beta
GCTTGGGTCTTAGCAG-1,Beta
GGAACCCCAGTAGAAT-1,Beta
GGAAGTGCAATACCCA-1,Alpha
GGAATCTTCCAGTGCG-1,Beta
GGAATGGCAGATACTC-1,Beta
GGAATGGTCTACTATC-1,Beta
GGACGTCTCACCGGTG-1,Beta
GGACGTCTCTCGACGG-1,Beta
GGAGAACAGCAAATGT-1,Beta
GGAGATGTCAGTCCGG-1,Beta
GGAGATGTCCACGGGT-1,Beta
GGAGGATCATTCACCC-1,Beta
GGATGTTCAGTTAGGG-1,Beta
GGATGTTTCGGTATGT-1,Beta
GGATGTTTCTCCTGAC-1,Macrophage
GGATGTTTCTGCTTTA-1,Beta
GGCAGTCTCAAACGAA-1,Beta
GGCTGTGGTTGCTCGG-1,Beta
GGCTGTGTCCATTTAC-1,Beta
GGCTTGGGTACTTCCC-1,Beta
GGCTTTCTCGGCTTCT-1,Beta
GGGAAGTTCGTCTCAC-1,Ductal
GGGACTCGTAATCAGA-1,Beta
GGGACTCGTTACACAC-1,Beta
GGGAGTAAGCACTCGC-1,Beta
GGGAGTACAAGCACCC-1,Beta
GGGAGTAGTTGGAGGT-1,Beta
GGGATCCAGTTACGAA-1,Beta
GGGATGACACATATGC-1,Beta
GGGCCATCAGTTGGTT-1,Beta
GGGCCATGTACCGGCT-1,Beta
GGGCGTTCAGAGTGTG-1,Beta
GGGCTACTCATAAGGA-1,Beta
GGGCTACTCTATCACT-1,Beta
GGGCTCAGTAGGTAGC-1,Endothelial/Mesnchymal
GGGTAGACACACTTAG-1,Beta
GGGTCACCAGCATGCC-1,Beta
GGGTCTGAGGATGAGA-1,Beta
GGGTGAAGTATCCTTT-1,Beta
GGGTGAATCGTGTGGC-1,Beta
GGGTTATAGGTTGCCC-1,Beta
GGGTTATGTGAAAGTT-1,Beta
GGGTTTACAGAGTCAG-1,Beta
GGGTTTAGTAGTACGG-1,Beta
GGTAACTCAGTCAGAG-1,Beta
GGTAACTGTACTAAGA-1,Beta
GGTAACTGTATGTGTC-1,Beta
GGTAATCTCGCACTCT-1,Beta
GGTAGAGCAAGAGTAT-1,Beta
GGTCACGGTAGGTAGC-1,Beta
GGTCACGGTGCAATAA-1,Beta
GGTCTGGAGTCCCAAT-1,Beta
GGTCTGGCAGAATTCC-1,Beta
GGTGATTTCGACGACC-1,Beta
GGTGGCTAGAGACAAG-1,Beta
GGTGGCTCATCGAACT-1,Beta
GGTGGCTTCTAGAGCT-1,Beta
GGTGTCGGTTCAACGT-1,Beta
GGTGTTAAGAAGCGGG-1,Beta
GGTGTTAGTAGACTGG-1,Beta
GGTTCTCGTGGCTAGA-1,Beta
GGTTGTACATGACTTG-1,Beta
GGTTGTAGTAACCCTA-1,Alpha
GGTTGTAGTAATGATG-1,Beta
GTAACACGTCCTGGTG-1,Beta
GTAACACTCCAAATGC-1,Beta
GTAAGTCGTATGAGCG-1,Beta
GTAATCGGTAGATCCT-1,Beta
GTAATGCCAAGGATGC-1,Beta
GTACAACCAAACTAGA-1,Beta
GTACAACGTACAGAGC-1,Beta
GTACAGTCAGTCTTCC-1,Beta
GTACAGTCATAATCCG-1,Beta
GTAGAAACAATTGCGT-1,Beta
GTAGATCGTAAGTCAA-1,Ductal
GTAGCTAGTCGCCACA-1,Beta
GTAGTACAGAAACCCG-1,Beta
GTAGTACAGGATGCGT-1,Beta
GTAGTACAGGCTAACG-1,Endothelial/Mesnchymal
GTAGTACTCGTCTACC-1,Beta
GTATTGGGTACAATAG-1,Beta
GTATTTCGTCATAAAG-1,Beta
GTCAAACAGAATTTGG-1,Beta
GTCAAACAGCTAGCCC-1,Beta
GTCAAACGTTCACGAT-1,Beta
GTCAAGTGTACCCGAC-1,Beta
GTCACGGCACACTTAG-1,Beta
GTCACGGTCCTTTAGT-1,Beta
GTCACGGTCGACACTA-1,Beta
GTCACTCAGACGCCAA-1,Beta
GTCAGCGTCAGGCGAA-1,Beta
GTCATCCCAATAACCC-1,Beta
GTCATGAAGTCGGCAA-1,Beta
GTCATGAAGTGAGCCA-1,Beta
GTCATGACACTCCGGA-1,Beta
GTCATTTTCGAGAACG-1,Beta
GTCCACTAGCCTCCAG-1,Beta
GTCCACTCACTGATTG-1,Beta
GTCCACTCATAAGCAA-1,Acinar
GTCCACTGTACGTGAG-1,Beta
GTCCACTTCCATAGGT-1,Beta
GTCCCATGTTGCGGAA-1,Beta
GTCGCGAAGGGCAGTT-1,Beta
GTCGCGAGTTGCTCCT-1,Beta
GTCGCGAGTTGTACGT-1,Beta
GTCGTAAGTTAACAGA-1,Beta
GTCGTAATCTCATTGT-1,Beta
GTCTACCTCCCAAGCG-1,Beta
GTCTACCTCTTCCAGC-1,Beta
GTCTAGATCCCGATCT-1,Beta
GTCTAGATCCTCTAGC-1,Beta
GTCTAGATCGGCTTGG-1,Beta
GTCTCACCACTTCTCG-1,Beta
GTCTTTAAGGCTCTAT-1,Beta
GTCTTTAGTCCGTTTC-1,Endothelial/Mesnchymal
GTGAGCCTCAAGGAGC-1,Beta
GTGAGGATCAAGTGTC-1,Beta
GTGAGTTGTTGGACTT-1,Beta
GTGCACGAGTTACGAA-1,Beta
GTGCACGGTCAAGTTC-1,Beta
GTGCGTGAGCTACTAC-1,Beta
GTGCGTGTCGCCAATA-1,Beta
GTGCTGGCAGGTATGG-1,Beta
GTGCTGGGTGAGTGAC-1,Beta
GTGCTGGTCACTTATC-1,Beta
GTGCTGGTCTCGCAGG-1,Beta
GTGCTTCAGGACCCAA-1,Beta
GTGCTTCGTCCGTTTC-1,Beta
GTGGGAACAAGCGAGT-1,Beta
GTGGGAAGTGTTCAGT-1,Beta
GTGGTTACACCCATAA-1,Beta
GTGGTTACATAGATGA-1,Beta
GTGGTTATCGAGTTGT-1,Endothelial/Mesnchymal
GTGTAACAGCCTGACC-1,Beta
GTGTAACAGGTGCTTT-1,Endothelial/Mesnchymal
GTGTAACCACCAATTG-1,Beta
GTGTAACCACTCAGAT-1,Beta
GTGTCCTGTTTGGCTA-1,Beta
GTTACAGAGCTGACCC-1,Beta
GTTACCCGTTGAATCC-1,Beta
GTTAGACGTCGCCACA-1,Beta
GTTAGTGCACGCAGTC-1,Beta
GTTAGTGTCGCCGTGA-1,Macrophage
GTTATGGAGCATTTCG-1,Beta
GTTCATTCAGCCTATA-1,Beta
GTTCATTGTGATGGCA-1,Beta
GTTCATTTCCGATGTA-1,Beta
GTTCTATAGGACTAAT-1,Beta
GTTGAACAGCCATTCA-1,Beta
GTTGAACAGCTACAAA-1,Beta
GTTGAACTCTCTCCGA-1,Macrophage
GTTGCGGAGAAGTCTA-1,Beta
GTTGCGGAGAGGGTAA-1,Beta
GTTGCGGCAGTCTCTC-1,Alpha
GTTGCTCAGACAGCGT-1,Beta
GTTGCTCGTGTCCTAA-1,Beta
GTTGTAGCAGGAGACT-1,Beta
GTTGTAGGTACCTTCC-1,Beta
GTTTACTTCCTAACAG-1,Beta
GTTTGGATCTCCAAGA-1,Beta
GTTTGGATCTTGCAGA-1,Beta
TAACACGAGTTAGTAG-1,Beta
TAACACGTCGCTTAAG-1,Beta
TAACCAGGTCCTACAA-1,Beta
TAACTTCAGTAAGGGA-1,Alpha
TAAGCACTCATTGAGC-1,Beta
TAAGCGTAGAATAACC-1,Beta
TAAGTCGGTGTATTGC-1,Beta
TAATCTCCAATTGTGC-1,Beta
TAATTCCCACGACGTC-1,Beta
TAATTCCCAGTCGAGA-1,Beta
TAATTCCGTTGATGTC-1,Beta
TACAACGAGATTAGTG-1,Beta
TACAACGGTCGTCATA-1,Beta
TACAACGGTTGTGGCC-1,Beta
TACAACGTCAGTGGGA-1,Beta
TACACCCAGGGATGTC-1,Beta
TACACCCCAAAGGCGT-1,Beta
TACACCCCAACAACAA-1,Beta
TACAGGTCACGTACAT-1,Beta
TACATTCGTTTCACTT-1,Beta
TACATTCTCGGACTGC-1,Alpha
TACCGAAAGACGACGT-1,Beta
TACCGGGAGAAAGCGA-1,Beta
TACCGGGCAACGATCT-1,Beta
TACGGTAAGATTGCGG-1,Beta
TACGGTAAGCAAGGAA-1,Beta
TACGTCCCATAATCCG-1,Beta
TACGTCCGTAAGTTGA-1,Beta
TACGTCCTCACCTGTC-1,Alpha
TACTGCCAGCCTGTCG-1,Beta
TACTGCCAGTAGCAAT-1,Beta
TACTGCCCAGAGATTA-1,Beta
TACTGCCGTACTTGTG-1,Beta
TACTGCCGTTAGGACG-1,Beta
TACTTACAGACCACGA-1,Ductal
TACTTACCATATCTCT-1,Beta
TACTTCATCTACGGGC-1,Beta
TACTTGTAGACAACAT-1,Beta
TAGACCAAGCCAAGCA-1,Beta
TAGACTGCAAAGTGTA-1,Beta
TAGAGTCTCAATCGGT-1,Beta
TAGATCGAGCGCATCC-1,Beta
TAGATCGGTTACGATC-1,Beta
TAGCACACAACACGTT-1,Beta
TAGCACACAGGCTTGC-1,Beta
TAGGAGGGTTAGCTAC-1,Beta
TAGGAGGTCACCATCC-1,Beta
TAGGAGGTCGTTGCCT-1,Beta
TAGGTACGTTTGGGTT-1,Beta
TAGGTACTCAAAGGAT-1,Beta
TAGTGCACAGAGGCAT-1,Beta
TAGTGCACAGTTGTCA-1,Beta
TATACCTCAATAGGAT-1,Beta
TATACCTGTCGCATTA-1,Beta
TATATCCGTGCGTCGT-1,Beta
TATCAGGAGACAAGCC-1,Beta
TATCAGGCAGTAACCT-1,Beta
TATCAGGTCAAACGAA-1,Macrophage
TATCGCCGTGCGGTAA-1,Endothelial/Mesnchymal
TATCTGTCACCGCTGA-1,Beta
TATCTGTTCATATGGC-1,Beta
TATCTTGCATGGCTGC-1,Beta
TATGTTCCATAAGCGG-1,Beta
TATGTTCGTATCGAAA-1,Beta
TATTGCTAGATGATTG-1,Beta
TATTGGGCAGGCGTTC-1,Ductal
TATTGGGTCGAGAATA-1,Macrophage
TATTTCGTCCCTCAAC-1,Beta
TATTTCGTCTGAACGT-1,Beta
TCAAGCAGTACCTTCC-1,Beta
TCACAAGAGAAACACT-1,Beta
TCACAAGTCAGCTTCC-1,Gamma
TCACACCAGCTACGTT-1,Beta
TCACACCCAACTCATG-1,Alpha
TCACACCGTCAAGCCC-1,Beta
TCACATTGTAGCTAAA-1,Beta
TCACATTGTCACCACG-1,Beta
TCACATTTCGTAGTCA-1,Beta
TCACATTTCTACTATC-1,Beta
TCACGCTAGACCACGA-1,Beta
TCACGCTAGTTAACAG-1,Beta
TCACGCTCAAGCGAAC-1,Beta
TCACGCTCACAGCATT-1,Ductal
TCACGGGGTCGAGCTC-1,Beta
TCACTATAGTCATAGA-1,Beta
TCACTCGTCAAGGAGC-1,Beta
TCAGCCTAGGGCCCTT-1,Beta
TCAGCCTTCCCAGGAC-1,Beta
TCAGGTAAGATGTAGT-1,Beta
TCAGGTAAGCATTTCG-1,Beta
TCAGGTAAGTAAACTG-1,Macrophage
TCAGTCCCACATTCGA-1,Beta
TCAGTTTCAGATTCGT-1,Beta
TCATACTCAAGTCATC-1,Acinar
TCATACTGTGCCTAAT-1,Beta
TCATATCCAGAGGCTA-1,Beta
TCATCATCATCGGAGA-1,Beta
TCATGAGAGCACTCAT-1,Beta
TCATGAGGTTCTCAGA-1,Beta
TCATGCCCACGCAAAG-1,Endothelial/Mesnchymal
TCATGCCTCCCTCTAG-1,Beta
TCATGGACAAGCGGAT-1,Beta
TCATGTTCAACCACGC-1,Beta
TCATGTTCAGTTCACA-1,Beta
TCATTACAGAATACAC-1,Beta
TCATTACAGTGAATAC-1,Beta
TCATTACGTATGAGCG-1,Beta
TCATTCACATGACGTT-1,Beta
TCATTCAGTTGCGAAG-1,Beta
TCATTCATCGGTATGT-1,Beta
TCATTGTTCTTTCTAG-1,Beta
TCATTTGAGCACGATG-1,Beta
TCATTTGCAGAAGCTG-1,Beta
TCCACCATCCAGCTCT-1,Beta
TCCACCATCGACGTCG-1,Beta
TCCACGTTCGTAGGAG-1,Macrophage
TCCAGAACAGCTCCTT-1,Beta
TCCAGAATCGTAGCTA-1,Beta
TCCATGCCATCCGGTG-1,Beta
TCCCACAAGAGGTTTA-1,Beta
TCCCAGTGTCTACAGT-1,Beta
TCCCAGTGTGCCCAGT-1,Beta
TCCCAGTGTTTACACG-1,Gamma
TCCCATGAGTCTGTAC-1,Beta
TCCCATGCATTGAGGG-1,Beta
TCCGAAAGTGGTCTAT-1,Beta
TCCGATCGTTTCAGAC-1,Beta
TCCGTGTGTCCCGGTA-1,Beta
TCCTAATAGTGCACTT-1,Beta
TCCTCCCAGGGACACT-1,Beta
TCCTCCCGTTACAGCT-1,Delta
TCCTGCACATCGCCTT-1,Beta
TCCTGCAGTGTTTACG-1,Beta
TCCTGCATCTATCCAT-1,Beta
TCCTTCTTCCAAACCA-1,Beta
TCCTTCTTCCGTTGGG-1,Beta
TCCTTTCGTCCACACG-1,Beta
TCGAAGTCAACTTGGT-1,Beta
TCGACGGAGGAAGAAC-1,Beta
TCGATTTCAAGGTACG-1,Beta
TCGATTTCAATGGGTG-1,Beta
TCGCACTTCGAGCCTG-1,Beta
TCGCAGGAGGACGGAG-1,Beta
TCGCTCAAGGGTATAT-1,Beta
TCGCTCACATAGACTC-1,Beta
TCGCTTGAGAGTGTGC-1,Beta
TCGCTTGGTACTTCCC-1,Beta
TCGGGACGTCGCGTCA-1,Beta
TCGGGACGTTACCGTA-1,Beta
TCGGGCACACTATGTG-1,Beta
TCGGGTGTCCGTAATG-1,Beta
TCGTAGACATGGGATG-1,Beta
TCGTCCAGTTCGTTCC-1,Beta
TCGTGCTAGTAACCTC-1,Beta
TCGTGCTCACCATATG-1,Beta
TCTAACTTCCTCTCTT-1,Beta
TCTAACTTCGATGGAG-1,Beta
TCTACATCAAGGTACG-1,Beta
TCTACATGTGCCAAGA-1,Beta
TCTACCGAGATGCTAA-1,Beta
TCTACCGAGGCTCCCA-1,Alpha
TCTACCGTCCTCACTG-1,Beta
TCTATACCACTAGGCC-1,Beta
TCTATACCAGTTCACA-1,Beta
TCTATACGTGGATCGA-1,Beta
TCTATACTCAGACAAA-1,Beta
TCTATCAAGGAGACCT-1,Beta
TCTCACGCACAACCGC-1,Beta
TCTCAGCGTACAGTTC-1,Beta
TCTCAGCGTACGACTT-1,Beta
TCTCCGAGTCCAGCCA-1,Alpha
TCTCCGATCCGTTTCG-1,Beta
TCTGGCTAGCGACCCT-1,Beta
TCTGGCTCATGCTGCG-1,Beta
TCTGGCTGTAGTGTGG-1,Beta
TCTTAGTGTCCGGCAT-1,Beta
TCTTCCTCACACACTA-1,Endothelial/Mesnchymal
TCTTCCTTCCACAGGC-1,Beta
TCTTGCGTCCAAGGGA-1,Beta
TCTTTGATCTGTGTGA-1,Beta
TGAACGTTCGAACGGA-1,Beta
TGAACGTTCGGTTCAA-1,Beta
TGAATCGAGAGCAGCT-1,Beta
TGAATCGGTTATCTGG-1,Beta
TGACAGTAGCCTGTGC-1,Beta
TGACAGTAGTGCACAG-1,Beta
TGACAGTGTCAAACGG-1,Beta
TGACCCTAGCTGTTCA-1,Beta
TGACCCTAGTATAGGT-1,Beta
TGACCCTCAACCACGC-1,Beta
TGACCCTGTGGAGAAA-1,Beta
TGACCCTTCTAGAACC-1,Beta
TGACGCGAGAACCGCA-1,Beta
TGACTCCCATTGAAAG-1,Beta
TGAGCGCGTGAGAACC-1,Beta
TGAGCGCTCCTCACGT-1,Beta
TGAGCGCTCTCGTGGG-1,Ductal
TGAGGAGTCACTTGGA-1,Beta
TGAGGGAAGGATAATC-1,Beta
TGAGGTTAGGATAATC-1,Beta
TGAGGTTAGTGCCTCG-1,Beta
TGAGGTTGTGGCCTCA-1,Beta
TGAGTCACAAATGAAC-1,Beta
TGATGCAAGATGCCGA-1,Beta
TGATGGTGTTGTGGCC-1,Beta
TGATTCTTCCGTATGA-1,Beta
TGATTCTTCGATCCCT-1,Beta
TGATTTCAGGTTCTAC-1,Beta
TGATTTCGTTAGGCCC-1,Beta
TGATTTCTCATTACTC-1,Beta
TGCAGATTCTACTATC-1,Beta
TGCATCCCAAGTGGGT-1,Beta
TGCATCCGTGAGTAAT-1,Beta
TGCCGAGAGAGAAGGT-1,Beta
TGCCGAGAGCGCCTCA-1,Beta
TGCCGAGAGTGTAGTA-1,Beta
TGCCGAGTCGAACGCC-1,Beta
TGCGATAAGACTACGG-1,Beta
TGCGATATCGCCAGTG-1,Beta
TGCGGCACAGTTCTAG-1,Beta
TGCGGCACATCACAGT-1,Beta
TGCGGCATCGTTAGAC-1,Beta
TGCGGGTAGAAACACT-1,Beta
TGCGGGTGTATCAGCT-1,Beta
TGCTCCATCTGCGTCT-1,Beta
TGCTCGTAGACGGAAA-1,Beta
TGCTTCGGTGGCATCC-1,Beta
TGCTTCGGTTGGCCGT-1,Beta
TGCTTGCCATCCCGTT-1,Beta
TGCTTGCTCCACTAGA-1,Beta
TGGAACTAGCACCGTC-1,Beta
TGGAACTAGCCTATTG-1,Beta
TGGAACTTCTAGTTCT-1,Beta
TGGAGAGCAGGTCCCA-1,Beta
TGGAGGAGTTAGAAGT-1,Beta
TGGATCAAGCGGTAGT-1,Beta
TGGATCATCAGGACAG-1,Beta
TGGATGTCACAGTCGC-1,Beta
TGGATGTCAGTCCGTG-1,Beta
TGGCGTGTCCAAGCAT-1,Beta
TGGGAAGTCGTTCGCT-1,Beta
TGGGAGACACCGTCTT-1,Beta
TGGGCGTAGCTCTGTA-1,Beta
TGGGCTGCACCGAATT-1,Endothelial/Mesnchymal
TGGGTTAAGTTGAAAC-1,Beta
TGGGTTACAAGAAACT-1,Beta
TGGGTTACACCTATCC-1,Beta
TGGGTTAGTGGCCACT-1,Beta
TGGTAGTAGCTGAAAT-1,Beta
TGGTGATCACTGCACG-1,Beta
TGGTGATCAGACCAGA-1,Beta
TGGTGATCAGTCACGC-1,Beta
TGGTTAGAGCACTCCG-1,Beta
TGGTTAGTCACTCTTA-1,Beta
TGTAACGAGGACAACC-1,Beta
TGTAACGCATGACTTG-1,Beta
TGTAGACAGAGCACTG-1,Ductal
TGTAGACAGGTTGCCC-1,Beta
TGTAGACAGTACTCGT-1,Beta
TGTCCACAGTAACGTA-1,Beta
TGTCCCAAGTGGTCAG-1,Beta
TGTCCCAGTTGCTGAT-1,Beta
TGTCCTGCAGGTCTCG-1,Beta
TGTCCTGGTTGTCTAG-1,Beta
TGTGAGTGTGGCGTAA-1,Beta
TGTGATGAGGGCGAGA-1,Beta
TGTGATGTCCGTAGGC-1,Beta
TGTGGCGCATGAGTAA-1,Beta
TGTTCATTCGAACGGA-1,Alpha
TGTTCCGAGCTCCACG-1,Beta
TGTTCCGTCATAGACC-1,Beta
TGTTCTAGTCCATAGT-1,Beta
TGTTCTATCCATTTGT-1,Beta
TGTTGAGAGATAGCAT-1,Beta
TGTTGAGAGTCGAGGT-1,Beta
TGTTGAGGTATGTCAC-1,Beta
TGTTGGACAATAGTAG-1,Beta
TGTTGGATCATGCAGT-1,Beta
TTAATCCAGAAGCTGC-1,Beta
TTAATCCAGTTTGTCG-1,Beta
TTAATCCGTGGCCCAT-1,Endothelial/Mesnchymal
TTACCATGTGTGCTTA-1,Delta
TTACCGCTCAGAGCAG-1,Beta
TTACCGCTCGTGAGAG-1,Beta
TTACGCCAGCGAGAAA-1,Beta
TTACGCCGTTGTGGCC-1,Beta
TTACGCCTCTCTGCTG-1,Endothelial/Mesnchymal
TTACGTTCACCAAATC-1,Beta
TTACGTTGTCCATCTC-1,Beta
TTACTGTGTCCCACGA-1,Beta
TTAGGCAGTAGCTTTG-1,Beta
TTAGGGTAGAGCCGAT-1,Beta
TTAGGGTAGTCCCAGC-1,Beta
TTAGGGTGTGACTATC-1,Beta
TTAGTCTAGTGTACCT-1,Beta
TTAGTCTGTTAAGACA-1,Beta
TTCAATCAGATGGCGT-1,Beta
TTCAATCGTTTGATCG-1,Beta
TTCAATCTCAGATGCT-1,Beta
TTCACGCCAAGGCCTC-1,Beta
TTCACGCGTACGACTT-1,Beta
TTCAGGATCCAACCGG-1,Beta
TTCATGTAGCAATAAC-1,Beta
TTCATGTAGTCATGGG-1,Beta
TTCATTGGTTGCCGAC-1,Beta
TTCCGGTTCACAGAGG-1,Beta
TTCCGTGGTATGAAAC-1,Beta
TTCCTCTAGTACTGTC-1,Beta
TTCCTTCCAAGTTCGT-1,Beta
TTCGATTAGTGGAATT-1,Beta
TTCGATTCATGTACGT-1,Beta
TTCGCTGAGGATTCCT-1,Beta
TTCGCTGGTCCGCAGT-1,Beta
TTCGGTCCATTACTCT-1,Ductal
TTCGGTCGTATCAGGG-1,Beta
TTCGGTCTCTTCCGTG-1,Beta
TTCTAACAGACGTCCC-1,Beta
TTCTAACCAAGATTGA-1,Beta
TTCTAACCATGGCTGC-1,Beta
TTCTAACGTCAGACTT-1,Beta
TTCTCTCAGAGAATCT-1,Beta
TTCTCTCCAGTCAGCC-1,Beta
TTCTCTCTCCCGTGTT-1,Beta
TTCTGTAAGCTTCATG-1,Beta
TTCTGTACAAATGAGT-1,Beta
TTCTTCCTCGAGCCTG-1,Beta
TTCTTCCTCGATCCAA-1,Beta
TTCTTGAAGGTTGTTC-1,Beta
TTCTTGAGTTCGGTCG-1,Beta
TTGAACGGTAATCAGA-1,Beta
TTGAGTGAGGCATCGA-1,Beta
TTGAGTGCACGGTAGA-1,Beta
TTGAGTGTCCACATAG-1,Beta
TTGATGGCATCGCTGG-1,Beta
TTGCATTCAAATGGAT-1,Beta
TTGCATTCAACCGTGC-1,Endothelial/Mesnchymal
TTGCATTCAAGAGCTG-1,Beta
TTGCATTGTGCGAACA-1,Beta
TTGCCTGAGTATGAAC-1,Beta
TTGCGTCCAAGTGCTT-1,Beta
TTGCTGCCAAGATCCT-1,Alpha
TTGCTGCGTAGAATAC-1,Beta
TTGGATGCAATGAACA-1,Beta
TTGGGCGGTAGTGATA-1,Beta
TTGGGCGTCTTGGAAC-1,Beta
TTGGGTACAAGCGAAC-1,Beta
TTGGGTAGTGGTGATG-1,Beta
TTGGTTTTCTTCTCAA-1,Beta
TTGTGTTGTGACTCTA-1,Beta
TTGTTCAAGTAGTGCG-1,Beta
TTGTTCACAGTTTGGT-1,Beta
TTGTTTGAGCTACAAA-1,Beta
TTGTTTGAGGATGAGA-1,Beta
TTGTTTGTCTTAGGAC-1,Acinar
TTTACCAAGCGTGAAC-1,Beta
TTTACGTCAGCGTAGA-1,Beta
TTTACTGAGATGTAGT-1,Beta
TTTACTGAGTTGTCGT-1,Beta
TTTACTGTCCGTGTCT-1,Beta
TTTAGTCAGTTAACAG-1,Ductal
TTTAGTCGTGAGTAAT-1,Beta
TTTAGTCTCACTGAAC-1,Beta
TTTAGTCTCATTTACC-1,Beta
TTTATGCAGAATAGTC-1,Beta
TTTATGCGTTGCATAC-1,Beta
TTTCAGTTCCCTCTAG-1,Beta
TTTCATGTCTAGTTCT-1,Beta
TTTCCTCGTTTCCAAG-1,Beta
TTTCCTCTCACGAACT-1,Beta
TTTCGATGTCAACACT-1,Beta
TTTCGATTCATTCGGA-1,Beta
TTTCGATTCCTAACAG-1,Beta
TTTGATCAGGAAAGAC-1,Beta
TTTGATCGTCAACGCC-1,Beta
TTTGGAGTCTTGAGCA-1,Beta
TTTGGTTAGTCTGGTT-1,Beta
TTTGGTTAGTTTGAGA-1,Beta
AAACCCAAGCTCCATA-1,Beta
AAACGCTAGGCTAAAT-1,Beta
AAACGCTGTAGAGGAA-1,Beta
AAAGAACAGTTCTCTT-1,Beta
AAAGGATCACCAGTAT-1,Beta
AAAGGATGTCCGGACT-1,Beta
AAAGGATGTGTATTGC-1,Beta
AAAGGGCGTGTGTGGA-1,Beta
AAAGGTATCCTCTAGC-1,Macrophage
AAAGTCCCACTCATAG-1,Beta
AAAGTCCCATCCGATA-1,Beta
AAAGTGAGTGCTGATT-1,Beta
AAAGTGATCGGCCTTT-1,Beta
AACAAGATCAGGCGAA-1,Beta
AACACACTCCAACCAA-1,Beta
AACAGGGAGGTAGATT-1,Beta
AACAGGGCATCGGCCA-1,Beta
AACCAACGTGTCACAT-1,Beta
AACCACAGTTCTCCTG-1,Beta
AACCATGTCCGAGTGC-1,Beta
AACCTTTAGCTTGTGT-1,Beta
AACGAAACAATCCTAG-1,Beta
AACGGGATCCGTATAG-1,Beta
AACGTCACAATTCTCT-1,Beta
AAGAACACACTTGGGC-1,Beta
AAGAACATCTCTCTTC-1,Beta
AAGACAATCTCCCATG-1,Beta
AAGACTCCAGCTGGTC-1,Beta
AAGACTCGTAGGCTCC-1,Alpha
AAGATAGGTGGCTAGA-1,Beta
AAGATAGTCCGAGTGC-1,Beta
AAGCATCAGTTAGAAC-1,Beta
AAGCATCTCTGGGCGT-1,Beta
AAGCCATGTAGCGCTC-1,Acinar
AAGCGAGGTGTGCTTA-1,Beta
AAGGTAAGTTTGCCGG-1,Alpha
AAGTCGTCATTGGGAG-1,Beta
AAGTGAACACGTACTA-1,Beta
AATAGAGAGTACTCGT-1,Beta
AATAGAGCAATGTTGC-1,Beta
AATCGACAGCGTCTCG-1,Beta
AATCGACCACAAATAG-1,Beta
AATCGTGTCTATGCCC-1,Beta
AATGAAGTCACGTCCT-1,Beta
AATGCCAAGAGTCGAC-1,Beta
AATGCCACAGAAACCG-1,Beta
AATTCCTAGCCGAATG-1,Macrophage
AATTCCTAGCCGTTAT-1,Macrophage
AATTCCTTCACATACG-1,Beta
ACACCAAAGAGTTGCG-1,Beta
ACACCAAAGCCTCAAT-1,Beta
ACACGCGTCGCGCTGA-1,Beta
ACACTGAGTGCGTGCT-1,Beta
ACAGAAACACTTGTGA-1,Beta
ACATCCCGTTTCGGCG-1,Beta
ACATGCATCGCAGTGC-1,Beta
ACATGCATCGCTCTAC-1,Beta
ACCAACAAGTGCGACA-1,Beta
ACCAACAGTGAGATCG-1,Beta
ACCATTTAGCATGCAG-1,Beta
ACCCAAATCCTAGCGG-1,Beta
ACCCTCACATTCGGGC-1,Beta
ACCCTTGAGCAAGCCA-1,Beta
ACCCTTGCAACTGCTA-1,Beta
ACCCTTGGTTTCGCTC-1,Beta
ACCTACCGTGGAGGTT-1,Beta
ACGATCAGTGTTGACT-1,Alpha
ACGCACGAGCGACTGA-1,Beta
ACGCACGCATAAGCGG-1,Beta
ACGGGTCAGCAAGTGC-1,Beta
ACGGGTCAGTACAGAT-1,Beta
ACGGTCGAGATGGCGT-1,Beta
ACGGTCGAGCCTCACG-1,Beta
ACGGTCGAGGGTCTTT-1,Beta
ACGGTTAAGATTGTGA-1,Beta
ACGTAACGTCTAATCG-1,Beta
ACGTAACTCTGGACCG-1,Beta
ACGTAACTCTTCCACG-1,Beta
ACGTCCTAGAGTCACG-1,Endothelial/Mesnchymal
ACTACGACAATACGCT-1,Beta
ACTCCCATCATCGCAA-1,Beta
ACTGCAACAGTCGCTG-1,Beta
ACTGTGAAGGCTCACC-1,Beta
ACTGTGACATGGAAGC-1,Beta
ACTTATCAGCGCCGTT-1,Beta
ACTTATCAGTCTTCCC-1,Beta
ACTTATCCAATAACCC-1,Beta
ACTTCCGCACAAGTTC-1,Delta
AGAACAAAGCTGTACT-1,Beta
AGAACAAGTTATCTGG-1,Beta
AGAAGTACAGAACTCT-1,Beta
AGACAAATCCGAGAAG-1,Beta
AGACACTGTCTCGGGT-1,Beta
AGACACTTCATCAGTG-1,Beta
AGACAGGAGGATGGCT-1,Beta
AGACCATTCGTGCTCT-1,Endothelial/Mesnchymal
AGACCCGTCAGGAGAC-1,Beta
AGACTCAAGTGAGTGC-1,Beta
AGAGAATAGTCACGAG-1,Beta
AGAGAATGTAGGTACG-1,Beta
AGATAGACACACGCCA-1,Beta
AGATAGATCGGTCAGC-1,Endothelial/Mesnchymal
AGATCGTAGAAGTCAT-1,Beta
AGATCGTCACTAAACC-1,Beta
AGATCGTGTGGTCCCA-1,Macrophage
AGATGAAGTCGTCGGT-1,Endothelial/Mesnchymal
AGATGCTAGTCCCAGC-1,Alpha
AGCATCAGTAGAGGAA-1,Beta
AGCATCAGTGGAACAC-1,Macrophage
AGCATCATCATACGAC-1,Beta
AGCCAGCTCCTCTAGC-1,Endothelial/Mesnchymal
AGCGCTGTCATCTATC-1,Alpha
AGCTACAAGCGTACAG-1,Beta
AGCTCAAAGAGCAGAA-1,Beta
AGCTTCCGTTCAATCG-1,Beta
AGGACTTAGCATTGTC-1,Alpha
AGGACTTCAGAGTTGG-1,Beta
AGGACTTTCGCTGTCT-1,Beta
AGGAGGTGTCGTTATG-1,Beta
AGGAGGTTCCTTCAGC-1,Beta
AGGATCTCAACGATTC-1,Endothelial/Mesnchymal
AGGATCTGTTCTCGTC-1,Beta
AGGCTGCTCGTAGCTA-1,Beta
AGGGCCTAGATCGGTG-1,Beta
AGGGTCCGTAGGTAGC-1,Beta
AGGGTTTAGAGGTTAT-1,Beta
AGGTCTAAGAGTAACT-1,Beta
AGGTCTACAAATCAAG-1,Beta
AGTAACCAGCAGCCCT-1,Beta
AGTAGCTCACTGTCCT-1,Beta
AGTAGCTGTATTGCCA-1,Alpha
AGTAGTCCATAGATCC-1,Beta
AGTCTCCCAAGGCTTT-1,Alpha
AGTCTCCGTATGGGAC-1,Beta
AGTGATCAGCCAGTAG-1,Beta
AGTGATCCATTCTCTA-1,Beta
AGTGCCGTCTGGCCAG-1,Beta
AGTTCCCTCGCTCTCA-1,Beta
AGTTCGAAGTCCCGAC-1,Endothelial/Mesnchymal
ATACCGACACAAATAG-1,Beta
ATACTTCAGGACTAAT-1,Beta
ATAGAGAGTGCTATTG-1,Beta
ATAGGCTGTGTGTACT-1,Gamma
ATCACAGCACAGTCAT-1,Beta
ATCACGAGTATCAGGG-1,Alpha
ATCCACCAGCAATTAG-1,Beta
ATCCACCCAGGATTCT-1,Beta
ATCCATTTCAGTCACA-1,Endothelial/Mesnchymal
ATCCGTCAGAGTAACT-1,Beta
ATCCGTCGTGATACTC-1,Beta
ATCGATGGTACGGATG-1,Beta
ATCGGATAGATGAACT-1,Beta
ATCGGCGAGATGCTTC-1,Alpha
ATCGGCGGTGTCTTAG-1,Beta
ATCGTAGCAACTCGAT-1,Endothelial/Mesnchymal
ATCGTGAGTGAGCAGT-1,Beta
ATCTCTACAGGTGGAT-1,Beta
ATCTTCAAGATGGTAT-1,Beta
ATCTTCAGTCTTCATT-1,Beta
ATGACCACACCGCTAG-1,Beta
ATGAGGGAGCGACAGT-1,Alpha
ATGATCGCAATACAGA-1,Endothelial/Mesnchymal
ATGATCGCACAATTCG-1,Alpha
ATGATCGGTCACTTAG-1,Beta
ATGCATGAGAAGGGAT-1,Beta
ATGCATGAGTTCGCAT-1,Beta
ATGGAGGCAGACCAGA-1,Beta
ATGGAGGTCGAAGGAC-1,Beta
ATGGATCGTATGGTAA-1,Beta
ATGGGAGCAATTCTCT-1,Beta
ATGGGTTGTACCAATC-1,Delta
ATGGGTTTCTTAGGAC-1,Beta
ATGGTTGAGCGATGGT-1,Beta
ATGGTTGGTTAGGGTG-1,Alpha
ATGTCCCCAGCGACCT-1,Beta
ATGTCTTAGACTCTAC-1,Beta
ATGTCTTAGCTACTAC-1,Beta
ATTCAGGAGTCGGCAA-1,Beta
ATTCAGGGTGACACGA-1,Beta
ATTCATCAGACAAGCC-1,Beta
ATTCATCAGCTGCCTG-1,Beta
ATTCCATCAGGTCAAG-1,Macrophage
ATTCCCGGTACCAATC-1,Beta
ATTCTACGTCGAGCTC-1,Beta
ATTCTTGAGCGTCTGC-1,Beta
ATTGGGTTCTGAGTCA-1,Beta
ATTGGGTTCTTAGGAC-1,Beta
ATTGTTCCAAAGCAAT-1,Beta
ATTTACCAGACTTCCA-1,Beta
ATTTACCGTGCTATTG-1,Beta
ATTTCTGCAAACGTGG-1,Beta
CAAAGAATCGCGGACT-1,Beta
CAACCTCCAACGTAAA-1,Endothelial/Mesnchymal
CAACGGCCAGGTGTGA-1,Alpha
CAAGACTCAGACAAAT-1,Beta
CAAGACTCAGGTCAGA-1,Alpha
CAAGACTGTCTACGTA-1,Beta
CAAGAGGCAGGTACGA-1,Endothelial/Mesnchymal
CAAGCTAAGCAGCACA-1,Beta
CAAGGGATCAGCTTGA-1,Beta
CAATCGAAGAGGTGCT-1,Beta
CAATCGATCTGGCCGA-1,Beta
CAATTTCCATCATCTT-1,Beta
CAATTTCTCTGAGATC-1,Beta
CACAACAAGGGTAATT-1,Beta
CACAGATCATTGAGCT-1,Beta
CACAGATGTTAAGGGC-1,Beta
CACGGGTCAACCAATC-1,Beta
CACGGGTGTGTCGCTG-1,Beta
CACGGGTTCATTCCTA-1,Beta
CACGGGTTCTGGTTGA-1,Gamma
CACGTTCAGGTGCTGA-1,Beta
CACTAAGAGAGGACTC-1,Endothelial/Mesnchymal
CACTAAGGTGCATTTG-1,Endothelial/Mesnchymal
CACTGAAAGCGCAATG-1,Beta
CACTGGGGTCCCGTGA-1,Beta
CACTTCGAGTGAGTGC-1,Beta
CAGATTGCAATCTCGA-1,Beta
CAGCAATAGAGGGTAA-1,Beta
CAGCAATTCGTAGCTA-1,Beta
CAGCAATTCGTCTACC-1,Beta
CAGCACGAGGGCAGGA-1,Endothelial/Mesnchymal
CAGCACGCATTGACAC-1,Beta
CAGCACGGTAGGACTG-1,Beta
CAGCACGTCAGCTAGT-1,Beta
CAGCCAGCATTACGGT-1,Beta
CAGCCAGTCCCTCTCC-1,Beta
CAGCCAGTCTGTCCCA-1,Beta
CAGCGTGAGTGGTTAA-1,Beta
CAGGCCAGTACGCTTA-1,Beta
CAGGCCATCACCCATC-1,Endothelial/Mesnchymal
CAGGGCTTCTTGATTC-1,Beta
CAGTGCGGTATCAAGA-1,Beta
CAGTTCCAGCATATGA-1,Beta
CAGTTCCTCGAAGCCC-1,Beta
CATACTTGTAGCTTGT-1,Delta
CATAGACCAAGGTACG-1,Beta
CATCCCATCACAGTGT-1,Beta
CATCCCATCTGTTCAT-1,Beta
CATCCGTAGCAGGTCA-1,Beta
CATCCGTTCCATCCGT-1,Beta
CATCGCTGTATCGAAA-1,Alpha
CATCGGGTCCGATAGT-1,Beta
CATGCCTTCCATCAGA-1,Beta
CATGGTAAGTGATAAC-1,Beta
CATTGCCCATGTCGTA-1,Beta
CATTTCAAGCGTGCTC-1,Beta
CCAAGCGCAAAGACTA-1,Beta
CCAAGCGGTGATAGAT-1,Beta
CCAATTTAGTAAACAC-1,Delta
CCAATTTTCACTGTTT-1,Beta
CCAATTTTCTCGCGTT-1,Beta
CCACCATAGTAGGTTA-1,Beta
CCACCATGTATCGCGC-1,Beta
CCACTTGGTGACAGGT-1,Beta
CCATCACTCGCTAGCG-1,Beta
CCCATTGTCCATTTGT-1,Beta
CCCGAAGCACCCTGTT-1,Beta
CCGAACGTCAAATGCC-1,Beta
CCGATCTCATAACGGG-1,Beta
CCGATGGCAATGCTCA-1,Beta
CCGGACAAGCTGTTCA-1,Macrophage
CCGGGTAAGACCATTC-1,Macrophage
CCGGGTAGTGGCGCTT-1,Macrophage
CCGGTAGTCCGATCGG-1,Alpha
CCGTAGGAGTGCCCGT-1,Beta
CCGTGAGGTCGTCAGC-1,Beta
CCGTTCATCGGCACTG-1,Beta
CCTAACCTCGGTGTTA-1,Beta
CCTACGTAGCAGCCCT-1,Delta
CCTACGTTCATGACAC-1,Beta
CCTATCGGTAAGAACT-1,Beta
CCTCACACACGACAAG-1,Alpha
CCTCACACACGGAAGT-1,Beta
CCTCCAAAGGGAGGGT-1,Beta
CCTCCTCAGAGAACCC-1,Beta
CCTCCTCGTATGTCCA-1,Beta
CCTCTAGAGCTGGCTC-1,Beta
CCTCTCCGTGTAAATG-1,Beta
CCTGCATGTTGGTAGG-1,Beta
CCTGTTGTCTATCCAT-1,Beta
CCTTCAGTCAAATGCC-1,Beta
CCTTGTGCAGCCCAGT-1,Beta
CCTTTGGGTCAACATC-1,Beta
CCTTTGGTCAAACGTC-1,Beta
CGAAGGAAGCCGGATA-1,Gamma
CGAAGTTCAGGATGAC-1,Beta
CGAAGTTCATGTTTGG-1,Macrophage
CGAGAAGCATCCGAGC-1,Beta
CGAGAAGTCATTGGTG-1,Beta
CGAGTGCGTGAGATAT-1,Beta
CGAGTTAAGGCGCTTC-1,Beta
CGAGTTATCTCCAATT-1,Endothelial/Mesnchymal
CGAGTTATCTTGCGCT-1,Beta
CGATCGGCAAATCAAG-1,Beta
CGATGCGGTCTCGGGT-1,Delta
CGATGCGGTCTTGCGG-1,Beta
CGATGGCAGGGTAGCT-1,Beta
CGCCAGACAGAGATGC-1,Beta
CGCCATTCACAGGATG-1,Beta
CGCCATTTCCATTGCC-1,Beta
CGGACACAGGCACTAG-1,Alpha
CGGAGAAAGTAGAGTT-1,Beta
CGGCAGTAGGTGCCTC-1,Beta
CGGGACTCATGCCGCA-1,Beta
CGGGCATGTTTACACG-1,Beta
CGGGTCACAGCTATAC-1,Beta
CGGGTGTCAGTCAACT-1,Beta
CGTCAAAAGTGCTCGC-1,Macrophage
CGTCAAACAGTCTCTC-1,Endothelial/Mesnchymal
CGTCCATAGAAGAGCA-1,Beta
CGTCCATTCGGCTGTG-1,Alpha
CGTGATAAGGTCTTTG-1,Beta
CGTTAGATCCTCTAAT-1,Beta
CTAACCCGTACTGTTG-1,Gamma
CTAACCCGTCTTCATT-1,Beta
CTAAGTGGTTATAGCC-1,Alpha
CTACAGACACCAGCCA-1,Beta
CTACAGAGTCAACCTA-1,Beta
CTACAGATCAAGCTGT-1,Beta
CTACAGATCCTAACAG-1,Beta
CTACAGATCCTATTTG-1,Beta
CTACATTAGGCTTTCA-1,Beta
CTACCCACATGACACT-1,Beta
CTACCTGGTGACTATC-1,Beta
CTAGGTACAACCAGAG-1,Alpha
CTAGGTAGTATTGCCA-1,Endothelial/Mesnchymal
CTATCCGAGGGTTGCA-1,Beta
CTATCCGAGTCGAAAT-1,Delta
CTCAAGAAGGGCCCTT-1,Beta
CTCACTGGTGGTTCTA-1,Gamma
CTCAGAACATCAACCA-1,Macrophage
CTCAGAAGTGATCATC-1,Beta
CTCAGTCGTGAACTAA-1,Gamma
CTCAGTCTCAACTACG-1,Beta
CTCCAACAGATGACAT-1,Beta
CTCCACATCAGTCCGG-1,Beta
CTCCCTCCATTCAGGT-1,Beta
CTCCGATTCTCAGGCG-1,Beta
CTCCTCCTCACTGTTT-1,Beta
CTCCTCCTCGTCGCTT-1,Alpha
CTCGAGGAGAGGGCGA-1,Beta
CTCTGGTAGGAGTATT-1,Beta
CTCTGGTTCCCGAGAC-1,Alpha
CTGAGCGCAGTCGTTA-1,Beta
CTGAGCGCATGGGAAC-1,Beta
CTGAGGCAGCCTGCCA-1,Beta
CTGAGGCCATGACTCA-1,Beta
CTGAGGCTCGGTCTAA-1,Alpha
CTGATCCGTTCGGTTA-1,Macrophage
CTGCAGGTCCTGGGTG-1,Beta
CTGCAGGTCTTCGACC-1,Beta
CTGCCATTCCGCGGAT-1,Beta
CTGCCTAGTTCTTGTT-1,Beta
CTGCTCAAGCGATTCT-1,Beta
CTGGACGAGTTGTACC-1,Beta
CTGGACGGTTCTATCT-1,Beta
CTGGCAGAGGTTGTTC-1,Beta
CTGTAGATCAGTCCGG-1,Beta
CTGTATTGTTCCTAAG-1,Beta
CTGTATTTCCGCGAGT-1,Beta
CTGTCGTTCACTTGTT-1,Beta
CTGTGAAAGAGGATCC-1,Beta
CTTCAATGTCGAGCTC-1,Alpha
CTTGAGAGTTCTCACC-1,Beta
CTTGATTGTAGTCCTA-1,Beta
CTTTCAACATCCGGCA-1,Beta
CTTTCAATCGCAGTGC-1,Beta
CTTTCGGGTAACCCTA-1,Beta
GAAACCTGTCATCTAG-1,Beta
GAACGTTAGGAGGGTG-1,Delta
GAAGAATCACACCGAC-1,Beta
GAAGAATTCCTAAACG-1,Beta
GAAGGACTCTGCGTCT-1,Beta
GAAGGGTGTTCCACAA-1,Beta
GAAGTAACAGAACGCA-1,Delta
GAATAGACAGAGAAAG-1,Beta
GACCAATTCCATTCGC-1,Beta
GACCGTGAGCGTATGG-1,Beta
GACCTTCGTCGAAGCA-1,Alpha
GACGTTAAGAGGCGGA-1,Beta
GACGTTAAGTCGCCAC-1,Delta
GACTATGTCTAGCATG-1,Beta
GACTCTCGTTACTCAG-1,Beta
GACTTCCGTTTGAAAG-1,Macrophage
GACTTCCTCTTCCACG-1,Gamma
GAGAAATTCGCCGAGT-1,Beta
GAGAAATTCTCTAAGG-1,Delta
GAGACCCAGAAGTCAT-1,Beta
GAGACTTCAATCTCTT-1,Beta
GAGATGGGTTCGTTCC-1,Beta
GAGCTGCAGCGACTTT-1,Alpha
GAGCTGCCAGAGTAAT-1,Beta
GAGCTGCTCCATTGCC-1,Beta
GAGGCCTCAACGAGGT-1,Beta
GAGGCCTGTGAACGGT-1,Beta
GAGGGTACATACTTTC-1,Alpha
GAGTCTACATGAGTAA-1,Beta
GAGTGAGTCACTCACC-1,Beta
GAGTGTTCACATTGTG-1,Beta
GATCCCTCACCAGCCA-1,Endothelial/Mesnchymal
GATCCCTCACGAAAGC-1,Beta
GATGAGGCAATGCAGG-1,Beta
GATGAGGGTGTATTGC-1,Beta
GATGATCCAAACACCT-1,Beta
GATGGAGCAGCTACTA-1,Beta
GATTCGACACGATAGG-1,Beta
GATTCGACAGGACTAG-1,Gamma
GATTGGTCAGCTCTGG-1,Beta
GATTTCTTCGTTCAGA-1,Alpha
GCAACATCAGCGACAA-1,Beta
GCAACATCAGGCATGA-1,Beta
GCACATACAGCAAGAC-1,Beta
GCACATAGTCACTCTC-1,Beta
GCACATAGTTTGCAGT-1,Beta
GCACGGTAGAGCCATG-1,Beta
GCACGTGCAGAGATTA-1,Beta
GCACGTGCATGGCTAT-1,Macrophage
GCACTAACACATATCG-1,Beta
GCAGCTGCAAACCACT-1,Alpha
GCAGGCTAGCGACTGA-1,Beta
GCAGTTACATGACAGG-1,Endothelial/Mesnchymal
GCATCGGCATGACGAG-1,Beta
GCATCTCAGAGCCGAT-1,Beta
GCATGATTCCGTCCTA-1,Delta
GCCAGCAGTGTAAACA-1,Beta
GCCGTGACACGTCTCT-1,Beta
GCCTGTTCACGCTTAA-1,Beta
GCGAGAAGTGGCAGAT-1,Beta
GCGAGAAGTTACGCCG-1,Delta
GCGAGAATCATTGCTT-1,Beta
GCGATCGGTGGACCTC-1,Beta
GCGTTTCAGGGAGAAT-1,Beta
GCGTTTCTCGGCTATA-1,Beta
GCTACCTAGTAAACTG-1,Alpha
GCTACCTTCGGTCTGG-1,Beta
GCTACCTTCTCTGCTG-1,Beta
GCTGAATGTCCAGGTC-1,Beta
GCTTCACGTCTTCATT-1,Delta
GGAAGTGGTGACAGGT-1,Beta
GGAAGTGTCGCCTTGT-1,Beta
GGAATCTAGATAGTGT-1,Beta
GGAATGGGTACCGCGT-1,Beta
GGAATGGGTGTCCACG-1,Beta
GGACGTCCATTGGGAG-1,Beta
GGAGAACGTACTGAGG-1,Beta
GGAGATGCACTGTGAT-1,Beta
GGAGATGTCTATTGTC-1,Delta
GGAGGTATCCACGAAT-1,Beta
GGATGTTTCTGTTCAT-1,Beta
GGCACGTTCGCTACGG-1,Beta
GGCAGTCTCGGAGTAG-1,Beta
GGCGTCATCCACAAGT-1,Beta
GGCTTTCCATCATCTT-1,Beta
GGGAAGTAGTCGGCAA-1,Beta
GGGACCTCATTGTACG-1,Beta
GGGACTCGTAACCAGG-1,Beta
GGGAGATTCCCGTTCA-1,Beta
GGGAGATTCCGTCCTA-1,Beta
GGGAGTAAGAGTGACC-1,Macrophage
GGGATGAGTGGAAGTC-1,Beta
GGGCCATAGTAGATCA-1,Beta
GGGCGTTTCTGGCTGG-1,Endothelial/Mesnchymal
GGGCTACCAGAGGTTG-1,Beta
GGGCTACCATAATCCG-1,Beta
GGGCTCAGTCGCTTGG-1,Beta
GGGCTCATCTCCAATT-1,Beta
GGGTATTTCTTCCAGC-1,Gamma
GGGTCACTCACTGATG-1,Beta
GGGTCTGAGAAGTCCG-1,Beta
GGGTCTGAGTGCTCAT-1,Endothelial/Mesnchymal
GGGTCTGCATGATCTG-1,Beta
GGGTGAAAGGGACTGT-1,Beta
GGTAACTCAGACCCGT-1,Beta
GGTAACTGTAACATCC-1,Beta
GGTAATCGTATCGTAC-1,Beta
GGTAATCGTTCCGGTG-1,Alpha
GGTAATCTCGGCAGTC-1,Beta
GGTAGAGAGGCAGTCA-1,Beta
GGTAGAGTCCCTCAAC-1,Beta
GGTCACGTCTTACCAT-1,Beta
GGTCTGGCACTGCACG-1,Beta
GGTGTCGCAGTCGCAC-1,Beta
GGTGTCGGTCGATTTG-1,Beta
GGTTAACCAGCATCTA-1,Beta
GGTTCTCGTTCCCACT-1,Beta
GGTTGTAAGTGAGTTA-1,Macrophage
GGTTGTAGTCATGACT-1,Beta
GTAACCATCTCATTTG-1,Beta
GTAGAAACAGCCCACA-1,Alpha
GTAGAGGCAGCACAAG-1,Beta
GTAGATCAGTGTACAA-1,Beta
GTAGATCTCATTCTTG-1,Macrophage
GTAGGTTTCCATTCAT-1,Beta
GTAGTACCAAGCGCTC-1,Beta
GTAGTACCATGGCCCA-1,Beta
GTAGTACTCTCCTGTG-1,Beta
GTCAAACAGATGGCGT-1,Beta
GTCAAACTCCATGCAA-1,Beta
GTCACGGCAACAACAA-1,Delta
GTCACGGTCTTTCAGT-1,Beta
GTCAGCGGTTGATCGT-1,Endothelial/Mesnchymal
GTCATCCCAGCGTTTA-1,Endothelial/Mesnchymal
GTCATTTAGAGGATGA-1,Beta
GTCATTTGTGTAGCAG-1,Beta
GTCGCGATCCATCTAT-1,Beta
GTCGTTCTCTCAGTCC-1,Beta
GTCTACCAGAAGGCTC-1,Beta
GTCTACCTCCTGCCAT-1,Alpha
GTCTAGAGTGTTAAAG-1,Beta
GTCTCACAGCCACAAG-1,Beta
GTCTCACTCATGCCAA-1,Beta
GTCTTTAGTCGACTGC-1,Beta
GTCTTTAGTTCTCGCT-1,Beta
GTCTTTAGTTGCATGT-1,Beta
GTGACGCGTACGTAGG-1,Alpha
GTGAGCCAGTGCACCC-1,Endothelial/Mesnchymal
GTGAGCCCACTTGTCC-1,Beta
GTGAGGACAGAGGACT-1,Beta
GTGCAGCGTGAGCTCC-1,Beta
GTGCGTGGTTCGATTG-1,Beta
GTGCTGGTCATCACCC-1,Beta
GTGGAAGAGACGTCCC-1,Beta
GTGGGAAGTACTCGCG-1,Gamma
GTGGTTACATACTTTC-1,Beta
GTGTTAGGTAGCCAGA-1,Alpha
GTGTTCCAGTGTACCT-1,Beta
GTTACAGTCGCCCAGA-1,Beta
GTTACCCCATATACCG-1,Gamma
GTTAGACCATCCTAAG-1,Beta
GTTAGACGTCATCACA-1,Beta
GTTAGTGAGCGTTCCG-1,Beta
GTTATGGTCCGTGGGT-1,Beta
GTTATGGTCTGTCTCG-1,Beta
GTTCGCTAGCGTGCCT-1,Beta
GTTCGCTGTCCACTCT-1,Beta
GTTCGCTGTGTGTACT-1,Beta
GTTCTATGTGCAGGAT-1,Beta
GTTGAACCAATCCAGT-1,Delta
GTTGTGACAGCGACAA-1,Beta
GTTTACTCACTGGATT-1,Beta
GTTTACTGTACAGGTG-1,Beta
GTTTACTTCACCTCAC-1,Beta
TAACCAGGTCTGATAC-1,Beta
TAACTTCGTCATGACT-1,Beta
TAAGCACAGCGACTGA-1,Beta
TAAGCGTAGAGGCCAT-1,Beta
TAAGCGTAGATTCGAA-1,Beta
TAAGCGTTCCGCCTAT-1,Beta
TAAGTCGAGTGCACAG-1,Macrophage
TAAGTCGCATCAGTGT-1,Beta
TAATCTCTCCTCCACA-1,Beta
TAATTCCAGTAGACCG-1,Beta
TAATTCCGTAACACGG-1,Beta
TAATTCCGTTGCATTG-1,Alpha
TACACCCTCTACACTT-1,Endothelial/Mesnchymal
TACAGGTCAAGTGGAC-1,Beta
TACAGGTTCCCAGCGA-1,Beta
TACCCGTAGGCATGGT-1,Beta
TACCGAAGTGGCAACA-1,Beta
TACCTCGCAAGTCATC-1,Delta
TACCTCGCAGAAGCGT-1,Beta
TAGACTGGTAACACCT-1,Beta
TAGACTGGTCTCTCCA-1,Beta
TAGAGTCAGTTGTCGT-1,Endothelial/Mesnchymal
TAGAGTCTCACAATGC-1,Beta
TAGCACACAGGATGAC-1,Beta
TAGCACACATGATCTG-1,Beta
TAGGGTTGTACCGGCT-1,Beta
TAGGTTGAGATCCGAG-1,Alpha
TAGTGCAAGAGTACCG-1,Beta
TATACCTAGAGCATCG-1,Beta
TATATCCTCCTTATGT-1,Macrophage
TATCTTGTCGCTAAAC-1,Beta
TATGTTCTCGGTGTAT-1,Beta
TATTGGGAGATGCTTC-1,Beta
TATTGGGAGGGACCAT-1,Beta
TATTTCGTCGCGAAGA-1,Beta
TCAAGACTCACACCGG-1,Beta
TCAAGACTCTCTAAGG-1,Beta
TCAAGCAAGCATCTTG-1,Beta
TCAAGCACATGTCTAG-1,Beta
TCAAGCATCAGTCTTT-1,Gamma
TCAAGCATCTGACCCT-1,Gamma
TCAATCTGTAGATGTA-1,Beta
TCAATTCGTAACACCT-1,Beta
TCACAAGAGGTATCTC-1,Beta
TCACAAGCAGATTCGT-1,Endothelial/Mesnchymal
TCACACCTCAATCTCT-1,Beta
TCACGCTAGAAGATCT-1,Alpha
TCACGGGTCACCATCC-1,Beta
TCACTATGTGCTTCAA-1,Beta
TCAGGGCCACAATTCG-1,Beta
TCAGGTAGTACTGACT-1,Beta
TCAGTCCTCTTCTGTA-1,Beta
TCAGTTTTCTTACCGC-1,Beta
TCATACTCACGACCTG-1,Beta
TCATATCCAAACCATC-1,Beta
TCATCATCACCGTCGA-1,Beta
TCATCATGTTCTCCTG-1,Beta
TCATCCGCACTTTATC-1,Endothelial/Mesnchymal
TCATCCGGTCCGAAGA-1,Beta
TCATGAGCATCGGTTA-1,Beta
TCATGAGGTCCCAAAT-1,Beta
TCATGCCAGTGAGGTC-1,Beta
TCATGCCCAAGAGAGA-1,Beta
TCATGTTCACAGCCTG-1,Beta
TCATTCAAGGTTTGAA-1,Beta
TCATTCAAGTGTGTTC-1,Beta
TCATTCAGTGTTACTG-1,Beta
TCATTTGCACCTGCGA-1,Macrophage
TCCACCACAACTGCCG-1,Beta
TCCACGTAGATCGGTG-1,Macrophage
TCCAGAACAGAGTAAT-1,Beta
TCCAGAATCCGGTTCT-1,Beta
TCCATCGCAATCACGT-1,Alpha
TCCATCGTCACGGGAA-1,Beta
TCCCACAAGGTCACAG-1,Beta
TCCGTGTTCAAGTGTC-1,Beta
TCCTAATGTTTGAACC-1,Alpha
TCCTCTTCATCACCAA-1,Beta
TCCTCTTTCTGCATGA-1,Beta
TCCTGCATCGCAATTG-1,Beta
TCGACGGTCTGTAAGC-1,Endothelial/Mesnchymal
TCGGGACGTCGACTGC-1,Macrophage
TCGGTCTGTAGTCGGA-1,Beta
TCGGTCTGTTCCCACT-1,Endothelial/Mesnchymal
TCGTGGGAGCAATAGT-1,Beta
TCTACATCAAGTTTGC-1,Beta
TCTACCGCATGGAAGC-1,Beta
TCTACCGGTTTAGACC-1,Beta
TCTATCAGTGAAGCGT-1,Beta
TCTCACGGTTAAACAG-1,Beta
TCTCCGACAACCAATC-1,Beta
TCTGCCATCATTTCCA-1,Endothelial/Mesnchymal
TCTGGCTGTCGACTGC-1,Endothelial/Mesnchymal
TCTGTCGAGCATGCAG-1,Beta
TCTGTCGCATAGCACT-1,Beta
TCTTCCTGTCCCTGAG-1,Alpha
TCTTCCTTCAGTCTTT-1,Endothelial/Mesnchymal
TCTTGCGCACCGTGGT-1,Endothelial/Mesnchymal
TCTTTGAAGTAGGAAG-1,Macrophage
TGAACGTAGAAGCCAC-1,Beta
TGAATCGAGCCGAATG-1,Beta
TGAATCGTCACCCTCA-1,Beta
TGACAGTAGCCTTTCC-1,Delta
TGACGCGAGAGGACTC-1,Beta
TGACTCCCAAACTCTG-1,Beta
TGACTCCGTATGAAGT-1,Beta
TGAGCATGTCGATTTG-1,Beta
TGAGGAGAGAGTCACG-1,Beta
TGAGGAGAGATTGAGT-1,Beta
TGAGGTTAGCAGCGAT-1,Endothelial/Mesnchymal
TGAGGTTCATTAGGAA-1,Beta
TGATCAGTCTGGTGCG-1,Delta
TGATCTTCACCTGCAG-1,Beta
TGATCTTTCCTTGAAG-1,Beta
TGATGCAAGGATTCCT-1,Beta
TGATGGTCAACTACGT-1,Alpha
TGATTCTAGCTGTTCA-1,Beta
TGATTCTTCATTGCCC-1,Alpha
TGCAGGCGTTAGAGTA-1,Beta
TGCATCCTCTTCCCAG-1,Beta
TGCATGATCCGCTAGG-1,Beta
TGCCGAGGTTGGTAGG-1,Beta
TGCGATACAACTCCCT-1,Beta
TGCGGCATCGTCGACG-1,Alpha
TGCGGGTAGAGCCGAT-1,Beta
TGCTCCACAACACGTT-1,Endothelial/Mesnchymal
TGGAGAGAGCCACTCG-1,Alpha
TGGATCAAGAGCAACC-1,Beta
TGGGAAGTCTCTATGT-1,Alpha
TGGGAGACACGTACAT-1,Alpha
TGGGATTGTCCTGGGT-1,Beta
TGGGCGTAGCGTTGTT-1,Beta
TGGGTTAGTAGCTGTT-1,Beta
TGGTGATTCCACCTGT-1,Beta
TGGTGATTCTCCGAGG-1,Beta
TGGTTAGCAGCAGTCC-1,Beta
TGGTTAGTCAACTGGT-1,Alpha
TGTCCACCACGGTCTG-1,Beta
TGTGAGTGTGTCGATT-1,Beta
TGTGATGAGTCGCTAT-1,Beta
TGTGATGTCTTTGATC-1,Alpha
TGTGCGGAGCATGGGT-1,Beta
TGTGCGGGTTACACAC-1,Beta
TGTTCATGTGCACAAG-1,Alpha
TGTTGAGCACAGACGA-1,Alpha
TGTTTGTAGGCGCTTC-1,Beta
TTACAGGCACCCTGTT-1,Gamma
TTACCGCGTCACCCTT-1,Beta
TTACGTTCACTACGGC-1,Beta
TTAGTCTAGAAGCTGC-1,Beta
TTAGTCTCAACAAGTA-1,Beta
TTCAATCAGAGGCTGT-1,Beta
TTCACGCCATCAGTCA-1,Beta
TTCAGGAAGGCTAACG-1,Beta
TTCAGGATCAAGCCCG-1,Beta
TTCCACGAGGTAGATT-1,Delta
TTCCGGTGTTGGGATG-1,Endothelial/Mesnchymal
TTCCGGTTCACGGGCT-1,Alpha
TTCCTAAGTCCTGTTC-1,Beta
TTCGATTAGACACACG-1,Beta
TTCTAGTAGGATTTGA-1,Delta
TTCTAGTCAGCGCGTT-1,Beta
TTCTCTCCAGGCCTGT-1,Beta
TTCTCTCGTTGCGGCT-1,Beta
TTCTGTACACACCTTC-1,Beta
TTCTGTAGTCCACGCA-1,Gamma
TTGAGTGTCTGCCTCA-1,Beta
TTGAGTGTCTGGTCAA-1,Endothelial/Mesnchymal
TTGATGGGTTAATGAG-1,Beta
TTGATGGTCACGATAC-1,Beta
TTGCGTCGTCAGGCAA-1,Endothelial/Mesnchymal
TTGCTGCCACAGTCAT-1,Beta
TTGGGATTCTGAATGC-1,Endothelial/Mesnchymal
TTGGTTTAGCCGAACA-1,Macrophage
TTGGTTTAGGACGCAT-1,Beta
TTGTGGAAGTATAACG-1,Beta
TTGTGTTTCGATTTCT-1,Beta
TTTACGTAGGTAGACC-1,Beta
TTTACGTCAAAGGAGA-1,Beta
TTTACGTTCTTCCCGA-1,Beta
TTTACTGTCCTCTCTT-1,Beta
TTTATGCCACATTGTG-1,Beta
TTTCATGCAGTTGAAA-1,Beta
TTTCCTCAGGATAATC-1,Beta
TTTCCTCGTAACCAGG-1,Beta
TTTGATCAGGCATGCA-1,Beta
TTTGATCGTGGTTTAC-1,Macrophage
TTTGGAGCATGGTGGA-1,Beta
